
-- Khách Hàng 30 dữ liệu ----------------------------------------------------------------------------------------------------------------------------------------
	
INSERT INTO [dbo].[khach_hang] ([ma], [ten], [sdt], [ngaySinh], [email], [gioiTinh], [cccd], [anh], [matKhau], [vaiTro], [trangThai], [nguoiTao], [nguoiCapNhat], [ngayTao], [ngayCapNhat])
VALUES
	(N'KH001', N'Khách Vãng lai', N'', '', N'', 1, N'', N'', N'', 1, 1, N'admin', N'admin', '2024-01-01', '2024-01-01'),
	(N'KH002', N'Nguyễn Bá Đăng', N'0987654321', '1995-05-15', N'dang@gmail.com', 0, N'987654321', N'', N'123', 2, 1, N'admin', N'admin', '2024-01-01', '2024-01-01'),
	(N'KH003', N'Lê Thị Bảo', N'0369852147', '1998-08-20', N'lethi.bao@example.com', 0, N'369852147', N'', N'bao123mk', 2, 1, N'admin', N'admin', '2024-01-01', '2024-01-01'),
	(N'KH004', N'Nguyễn Văn Cảnh', N'0912345678', '1997-10-25', N'nguyenvan.canh@example.com', 1, N'912345678', N'', N'mkcanh123', 2, 1, N'admin', N'admin', '2024-01-01', '2024-01-01'),
	(N'KH005', N'Trần Thị Bình', N'0771234567', '1996-12-30', N'tranthi.binh@example.com', 0, N'771234567', N'', N'mkbtran789', 2, 1, N'admin', N'admin', '2024-01-01', '2024-01-01'),
	(N'KH006', N'Phạm Văn Dũng', N'0987654321', '1994-09-12', N'phamvan.dung@example.com', 1, N'987654321', N'', N'mkdung098', 2, 1, N'admin', N'admin', '2024-01-01', '2024-01-01'),
	(N'KH007', N'Lê Thị Thơm', N'0369852147', '1995-07-18', N'lethi.thom@example.com', 0, N'369852147', N'', N'thom123mk', 2, 1, N'admin', N'admin', '2024-01-01', '2024-01-01'),
	(N'KH008', N'Trần Văn Đức', N'0912345678', '1996-04-23', N'tranvan.duc@example.com', 1, N'912345678', N'', N'ductv123', 2, 1, N'admin', N'admin', '2024-01-01', '2024-01-01'),
	(N'KH009', N'Hoàng Thị Hoa', N'0771234567', '1997-03-10', N'hoangthi.hoa@example.com', 0, N'771234567', N'', N'mkhoahoang', 2, 1, N'admin', N'admin', '2024-01-01', '2024-01-01'),
	(N'KH010', N'Nguyễn Văn Hùng', N'0987654321', '1998-02-05', N'nguyenvan.hung@example.com', 1, N'987654321', N'', N'mkhung1998', 2, 1, N'admin', N'admin', '2024-01-01', '2024-01-01'),
	(N'KH011', N'Trần Thị Lan', N'0369852147', '1999-11-28', N'tranthi.lan@example.com', 0, N'369852147', N'', N'tranlan2000', 2, 1, N'admin', N'admin', '2024-01-01', '2024-01-01'),
	(N'KH012', N'Lê Văn Minh', N'0912345678', '2000-10-15', N'levan.minh@example.com', 1, N'912345678', N'', N'mklevan123', 2, 1, N'admin', N'admin', '2024-01-01', '2024-01-01'),
	(N'KH013', N'Phạm Thị Nhung', N'0771234567', '2001-09-02', N'phamthi.nhung@example.com', 0, N'771234567', N'', N'nhung123mk', 2, 1, N'admin', N'admin', '2024-01-01', '2024-01-01'),
	(N'KH014', N'Trần Văn Oanh', N'0987654321', '2002-08-19', N'tranvan.oanh@example.com', 1, N'987654321', N'', N'mkoanh2002', 2, 1, N'admin', N'admin', '2024-01-01', '2024-01-01'),
	(N'KH015', N'Lê Thị Phương', N'0369852147', '2003-07-06', N'lethi.phuong@example.com', 0, N'369852147', N'', N'phuong123mk', 2, 1, N'admin', N'admin', '2024-01-01', '2024-01-01'),
	(N'KH016', N'Nguyễn Văn Quân', N'0912345678', '2004-06-23', N'nguyenvan.quan@example.com', 1, N'912345678', N'', N'mkquan2004', 2, 1, N'admin', N'admin', '2024-01-01', '2024-01-01'),
	(N'KH017', N'Hoàng Thị Rạng', N'0771234567', '2005-05-10', N'hoangthi.rang@example.com', 0, N'771234567', N'', N'rang123mk', 2, 1, N'admin', N'admin', '2024-01-01', '2024-01-01'),
	(N'KH018', N'Trần Văn Sơn', N'0987654321', '2006-04-27', N'tranvan.son@example.com', 1, N'987654321', N'', N'son123mk', 2, 1, N'admin', N'admin', '2024-01-01', '2024-01-01'),
	(N'KH019', N'Lê Thị Tâm', N'0369852147', '2007-03-14', N'lethi.tam@example.com', 0, N'369852147', N'', N'tam123mk', 2, 1, N'admin', N'admin', '2024-01-01', '2024-01-01'),
	(N'KH020', N'Phạm Văn Uyên', N'0912345678', '2008-02-01', N'phamvan.uyen@example.com', 1, N'912345678', N'', N'uyen123mk', 2, 1, N'admin', N'admin', '2024-01-01', '2024-01-01'),
	(N'KH021', N'Nguyễn Thị Vân', N'0771234567', '2009-01-18', N'nguyenthiv.van@example.com', 0, N'771234567', N'', N'van123mk', 2, 1, N'admin', N'admin', '2024-01-01', '2024-01-01'),
	(N'KH022', N'Trần Văn Xuân', N'0987654321', '2010-12-06', N'tranvan.xuan@example.com', 1, N'987654321', N'', N'xuan123mk', 2, 1, N'admin', N'admin', '2024-01-01', '2024-01-01'),
	(N'KH023', N'Lê Thị Yến', N'0369852147', '2011-10-24', N'lethi.yen@example.com', 0, N'369852147', N'', N'yen123mk', 2, 1, N'admin', N'admin', '2024-01-01', '2024-01-01'),
	(N'KH024', N'Hoàng Văn Zai', N'0912345678', '2012-09-10', N'hoangvan.zai@example.com', 1, N'912345678', N'', N'zai123mk', 2, 1, N'admin', N'admin', '2024-01-01', '2024-01-01'),
	(N'KH025', N'Trần Thị Mỹ', N'0771234567', '2013-08-28', N'tranthi.my@example.com', 0, N'771234567', N'', N'mythi456', 2, 1, N'admin', N'admin', '2024-01-01', '2024-01-01'),
	(N'KH026', N'Nguyễn Văn Đạt', N'0987654321', '2014-07-15', N'nguyenvan.dat@example.com', 1, N'987654321', N'', N'dat123mk', 2, 1, N'admin', N'admin', '2024-01-01', '2024-01-01'),
	(N'KH027', N'Phạm Thị Lan', N'0369852147', '2015-06-02', N'phamthi.lan@example.com', 0, N'369852147', N'', N'lan123mk', 2, 1, N'admin', N'admin', '2024-01-01', '2024-01-01'),
	(N'KH028', N'Trần Văn Thành', N'0912345678', '2016-05-20', N'tranvan.thanh@example.com', 1, N'912345678', N'', N'thanh123mk', 2, 1, N'admin', N'admin', '2024-01-01', '2024-01-01'),
	(N'KH029', N'Lê Thị Hương', N'0771234567', '2017-04-07', N'lethi.huong@example.com', 0, N'771234567', N'', N'huong123mk', 2, 1, N'admin', N'admin', '2024-01-01', '2024-01-01'),
	(N'KH030', N'Nguyễn Văn Phúc', N'0987654321', '2018-03-25', N'nguyenvan.phuc@example.com', 1, N'987654321', N'', N'phuc123mk', 2, 1, N'admin', N'admin', '2024-01-01', '2024-01-01');
	
----------------------------------------------------------------------------------------------------------------------------------------
	


-- Địa chỉ dữ liệu ----------------------------------------------------------------------------------------------------------------------------------------

-- Địa chỉ cho khách hàng
INSERT INTO [dbo].[dia_chi] ([idKhachHang], [thanhPho], [quanHuyen], [phuongXa], [soNha], [moTaChiTiet], [tenNguoiNhan], [nguoiTao], [nguoiCapNhat], [ngayTao], [ngayCapNhat], [trangThai])
VALUES
	(2, N'TP Hà Nội', N'Quận Hoàn Kiếm', N'Phan Chu Trinh', N'Ngõ 11', N'Nhà số 123, đường Phan Chu Trinh, Quận Hoàn Kiếm', N'Nguyễn Thị A', N'admin', N'admin', '2024-01-01', '2024-01-01', 1),
	(2, N'TP Hà Nội', N'Quận Cầu Giấy', N'Dịch Vọng', N'Ngõ 12', N'Nhà số 456, đường Dịch Vọng, Quận Cầu Giấy', N'Nguyễn Thị A', N'admin', N'admin', '2024-01-01', '2024-01-01', 0),
	(2, N'TP Hà Nội', N'Quận Đống Đa', N'Khâm Thiên', N'Ngõ 13', N'Nhà số 789, đường Khâm Thiên, Quận Đống Đa', N'Nguyễn Thị A', N'admin', N'admin', '2024-01-01', '2024-01-01', 0);

-- Địa chỉ cho khách hàng 
INSERT INTO [dbo].[dia_chi] ([idKhachHang], [thanhPho], [quanHuyen], [phuongXa], [soNha], [moTaChiTiet], [tenNguoiNhan], [nguoiTao], [nguoiCapNhat], [ngayTao], [ngayCapNhat], [trangThai])
VALUES
	(3, N'TP Hà Nội', N'Quận Ba Đình', N'Kim Mã', N'Ngõ 21', N'Nhà số 321, đường Kim Mã, Quận Ba Đình', N'Trần Văn B', N'admin', N'admin', '2024-01-01', '2024-01-01', 1),
	(3, N'TP Hà Nội', N'Quận Hoàng Mai', N'Đại Kim', N'Ngõ 22', N'Nhà số 654, đường Đại Kim, Quận Hoàng Mai', N'Trần Văn B', N'admin', N'admin', '2024-01-01', '2024-01-01', 0),
	(3, N'TP Hà Nội', N'Quận Long Biên', N'Ngọc Thụy', N'Ngõ 23', N'Nhà số 987, đường Ngọc Thụy, Quận Long Biên', N'Trần Văn B', N'admin', N'admin' ,'2024-01-01', '2024-01-01', 0);

-- Địa chỉ cho khách hàng 
INSERT INTO [dbo].[dia_chi] ([idKhachHang], [thanhPho], [quanHuyen], [phuongXa], [soNha], [moTaChiTiet], [tenNguoiNhan], [nguoiTao], [nguoiCapNhat], [ngayTao], [ngayCapNhat], [trangThai])
VALUES
	-- Địa chỉ cho khách hàng
	(4, N'TP Hà Nội', N'Quận Thanh Xuân', N'Nhân Chính', N'Ngõ 31', N'Nhà số 246, đường Nhân Chính, Quận Thanh Xuân', N'Nguyễn Văn C', N'admin', N'admin', '2024-01-01', '2024-01-01', 1),
	(4, N'TP Hà Nội', N'Quận Tây Hồ', N'Nhật Tân', N'Ngõ 32', N'Nhà số 579, đường Nhật Tân, Quận Tây Hồ', N'Nguyễn Văn C', N'admin', N'admin', '2024-01-01', '2024-01-01', 0),
	(4, N'TP Hà Nội', N'Quận Hoài Đức', N'Đại Mỗ', N'Ngõ 33', N'Nhà số 891, đường Đại Mỗ, Quận Hoài Đức', N'Nguyễn Văn C', N'admin', N'admin', '2024-01-01', '2024-01-01', 0);

-- Địa chỉ cho khách hàng 
INSERT INTO [dbo].[dia_chi] ([idKhachHang], [thanhPho], [quanHuyen], [phuongXa], [soNha], [moTaChiTiet], [tenNguoiNhan], [nguoiTao], [nguoiCapNhat], [ngayTao], [ngayCapNhat], [trangThai])
VALUES
	-- Địa chỉ cho khách hàng
	(5, N'TP Hà Nội', N'Quận Hoàn Kiếm', N'Phan Chu Trinh', N'Ngõ 41', N'Nhà số 357, đường Phan Chu Trinh, Quận Hoàn Kiếm', N'Trần Thị D', N'admin', N'admin', '2024-01-01', '2024-01-01', 1),
	(5, N'TP Hà Nội', N'Quận Ba Đình', N'Kim Mã', N'Ngõ 42', N'Nhà số 684, đường Kim Mã, Quận Ba Đình', N'Trần Thị D', N'admin', N'admin', '2024-01-01', '2024-01-01', 0),
	(5, N'TP Hà Nội', N'Quận Hoàng Mai', N'Đại Kim', N'Ngõ 43', N'Nhà số 987, đường Đại Kim, Quận Hoàng Mai', N'Trần Thị D', N'admin', N'admin', '2024-01-01', '2024-01-01', 0);

-- Địa chỉ cho khách hàng 
INSERT INTO [dbo].[dia_chi] ([idKhachHang], [thanhPho], [quanHuyen], [phuongXa], [soNha], [moTaChiTiet], [tenNguoiNhan], [nguoiTao], [nguoiCapNhat], [ngayTao], [ngayCapNhat], [trangThai])
VALUES
	-- Địa chỉ cho khách hàng
	(6, N'TP Hà Nội', N'Quận Hoàn Kiếm', N'Phan Chu Trinh', N'Ngõ 51', N'Nhà số 123, đường Phan Chu Trinh, Quận Hoàn Kiếm', N'Nguyễn Văn An', N'admin', N'admin', '2024-01-01', '2024-01-01', 1),
	(6, N'TP Hà Nội', N'Quận Cầu Giấy', N'Dịch Vọng', N'Ngõ 52', N'Nhà số 456, đường Dịch Vọng, Quận Cầu Giấy', N'Nguyễn Văn An', N'admin', N'admin', '2024-01-01', '2024-01-01', 0),
	(7, N'TP Hà Nội', N'Quận Đống Đa', N'Khâm Thiên', N'Ngõ 53', N'Nhà số 789, đường Khâm Thiên, Quận Đống Đa', N'Nguyễn Văn An', N'admin', N'admin', '2024-01-01', '2024-01-01', 0),

	-- Địa chỉ cho khách hàng
	(8, N'TP Hà Nội', N'Quận Ba Đình', N'Kim Mã', N'Ngõ 61', N'Nhà số 321, đường Kim Mã, Quận Ba Đình', N'Trần Văn B', N'admin', N'admin', '2024-01-01', '2024-01-01', 1),
	(9, N'TP Hà Nội', N'Quận Hoàng Mai', N'Đại Kim', N'Ngõ 62', N'Nhà số 654, đường Đại Kim, Quận Hoàng Mai', N'Trần Văn B', N'admin', N'admin', '2024-01-01', '2024-01-01', 0),
	(10, N'TP Hà Nội', N'Quận Long Biên', N'Ngọc Thụy', N'Ngõ 63', N'Nhà số 987, đường Ngọc Thụy, Quận Long Biên', N'Trần Văn B', N'admin', N'admin','2024-01-01', '2024-01-01', 0);

----------------------------------------------------------------------------------------------------------------------------------------


-- Nhân Viên 31 dữ liệu ----------------------------------------------------------------------------------------------------------------------------------------

INSERT INTO [dbo].[nhan_vien] (
    [ma], [ten], [sdt], [ngaySinh], [email], [gioiTinh], 
    [cccd], [anh], [matKhau], [vaiTro], [trangThai], 
    [nguoiTao], [nguoiCapNhat], [ngayTao], [ngayCapNhat], [diaChi]
) VALUES
    ('dangnb', N'Nguyễn Bá Đăng', '0987654331', '1993-04-04', 'dang@gmail.com', 0, 
     '246813579', NULL, '123', 0, 1, 
     'admin', 'admin', '2024-01-04 08:00:00', '2024-01-04 08:00:00', N'101 Đường GHI, Quận 4'),
    ('tunglq', N'Lê Quang Tùng', '0987654332', '1994-05-05', 'lqtung@example.com', 1, 
     '357924681', NULL, 'passwordxyz', 1, 1, 
     'admin', 'admin', '2024-01-05 08:00:00', '2024-01-05 08:00:00', N'202 Đường KLM, Quận 5'),
    ('thoph', N'Phan Hữu Thọ', '0987654333', '1995-06-06', 'phtho@example.com', 1, 
     '468135792', NULL, 'password123', 0, 1, 
     'admin', 'admin', '2024-01-06 08:00:00', '2024-01-06 08:00:00', N'303 Đường NOP, Quận 6'),
    ('haihm', N'Mai Hoàng Hải', '0987654334', '1996-07-07', 'mhhai@example.com', 1, 
     '579246813', NULL, 'password456', 0, 1, 
     'admin', 'admin', '2024-01-07 08:00:00', '2024-01-07 08:00:00', N'404 Đường QRS, Quận 7'),
    ('dunglv', N'Lý Văn Dũng', '0987654335', '1997-08-08', 'lvdung@example.com', 1, 
     '681357924', NULL, 'password789', 0, 1, 
     'admin', 'admin', '2024-01-08 08:00:00', '2024-01-08 08:00:00', N'505 Đường TUV, Quận 8'),
    ('daobt', N'Bùi Thị Đào', '0987654336', '1998-09-09', 'btdao@example.com', 0, 
     '792468135', NULL, 'passwordabc', 0, 1, 
     'admin', 'admin', '2024-01-09 08:00:00', '2024-01-09 08:00:00', N'606 Đường WXY, Quận 9'),
    ('anhtn', N'Ngô Thị Anh', '0987654337', '1999-10-10', 'ntanh@example.com', 1, 
     '813579246', NULL, 'passwordxyz', 0, 1, 
     'admin', 'admin', '2024-01-10 08:00:00', '2024-01-10 08:00:00', N'707 Đường ZAB, Quận 10'),
    ('huonglt', N'Lê Thị Hương', '0987654338', '2000-11-11', 'lthuong@example.com', 0, 
     '924681357', NULL, 'password123', 1, 1, 
     'admin', 'admin', '2024-01-11 08:00:00', '2024-01-11 08:00:00', N'808 Đường CDE, Quận 11'),
	 ('tungnv', N'Nguyễn Mạnh Tùng', '0987654340', '2002-01-13', 'nmtung@example.com', 1, 
     '468135792', NULL, 'password789', 1, 1, 
     'admin', 'admin', '2024-01-13 08:00:00', '2024-01-13 08:00:00', N'1010 Đường IJK, Quận Bình Tân'),
    ('chinv', N'Nguyễn Văn Chí', '0987654341', '2003-02-14', 'nvchi@example.com', 1, 
     '579246813', NULL, 'passwordabc', 0, 1, 
     'admin', 'admin', '2024-01-14 08:00:00', '2024-01-14 08:00:00', N'1111 Đường LMN, Quận Bình Chánh'),
    ('hatln', N'Trần Lê Nhật Hà', '0987654342', '2004-03-15', 'tlnha@example.com', 0, 
     '681357924', NULL, 'passwordxyz', 1, 1, 
     'admin', 'admin', '2024-01-15 08:00:00', '2024-01-15 08:00:00', N'1212 Đường OPQ, Quận Gò Vấp'),
    ('ngocph', N'Phạm Huyền Ngọc', '0987654343', '2005-04-16', 'phngoc@example.com', 0, 
     '792468135', NULL, 'password123', 0, 1, 
     'admin', 'admin', '2024-01-16 08:00:00', '2024-01-16 08:00:00', N'1313 Đường RST, Quận Tân Bình'),
    ('binhtn', N'Trần Ngọc Bình', '0987654344', '2006-05-17', 'bntngoc@example.com', 1, 
     '813579246', NULL, 'password456', 1, 1, 
     'admin', 'admin', '2024-01-17 08:00:00', '2024-01-17 08:00:00', N'1414 Đường UVW, Quận Tân Phú'),
    ('trunh', N'Hoàng Thị Trúc Như', '0987654345', '2007-06-18', 'httnhu@example.com', 0, 
     '924681357', NULL, 'password789', 0, 1, 
     'admin', 'admin', '2024-01-18 08:00:00', '2024-01-18 08:00:00', N'1515 Đường XYZ, Quận Thủ Đức'),
    ('lantt', N'Trần Thanh Lân', '0987654346', '2008-07-19', 'ttl@example.com', 1, 
     '135792468', NULL, 'passwordabc', 1, 1, 
     'admin', 'admin', '2024-01-19 08:00:00', '2024-01-19 08:00:00', N'1616 Đường ABC, Quận 1'),
    ('thaopt', N'Phạm Thị Thảo', '0987654347', '2009-08-20', 'thao@example.com', 0, 
     '246813579', NULL, 'passwordxyz', 0, 1, 
     'admin', 'admin', '2024-01-20 08:00:00', '2024-01-20 08:00:00', N'1717 Đường DEF, Quận 2'),
    ('hoanv', N'Vũ Hoàng Anh', '0987654348', '2010-09-21', 'hoan@example.com', 1, 
     '357924681', NULL, 'password123', 1, 1, 
     'admin', 'admin', '2024-01-21 08:00:00', '2024-01-21 08:00:00', N'1818 Đường GHI, Quận 3'),
    ('phungt', N'Trần Văn Phụng', '0987654349', '2011-10-22', 'tvphung@example.com', 1, 
     '468135792', NULL, 'password456', 0, 1, 
     'admin', 'admin', '2024-01-22 08:00:00', '2024-01-22 08:00:00', N'1919 Đường KLM, Quận 4'),
    ('thietk', N'Kiều Thị Thanh Thúy', '0987654350', '2012-11-23', 'kttthuy@example.com', 0, 
     '579246813', NULL, 'password789', 1, 1, 
     'admin', 'admin', '2024-01-23 08:00:00', '2024-01-23 08:00:00', N'2020 Đường NOP, Quận 5'),
    ('binhan', N'Nguyễn Bình An', '0987654351', '2013-12-24', 'nban@example.com', 1, 
     '681357924', NULL, 'passwordabc', 0, 1, 
     'admin', 'admin', '2024-01-24 08:00:00', '2024-01-24 08:00:00', N'2121 Đường QRS, Quận 6'),
    ('khant', N'Trần Văn Khanh', '0987654352', '2014-01-25', 'tvkhanh@example.com', 1, 
     '792468135', NULL, 'passwordxyz', 1, 1, 
     'admin', 'admin', '2024-01-25 08:00:00', '2024-01-25 08:00:00', N'2222 Đường TUV, Quận 7'),
    ('anhpt', N'Phạm Thanh Anh', '0987654353', '2015-02-26', 'pthanh@example.com', 0, 
     '813579246', NULL, 'password123', 0, 1, 
     'admin', 'admin', '2024-01-26 08:00:00', '2024-01-26 08:00:00', N'2323 Đường WXY, Quận 8'),
    ('trungt', N'Trần Minh Trung', '0987654354', '2016-03-27', 'tmtrung@example.com', 1, 
     '924681357', NULL, 'password456', 1, 1, 
     'admin', 'admin', '2024-01-27 08:00:00', '2024-01-27 08:00:00', N'2424 Đường ZAB, Quận 9'),
    ('chauth', N'Hồ Thị Châu', '0987654355', '2017-04-28', 'htchau@example.com', 0, 
     '135792468', NULL, 'password789', 0, 1, 
     'admin', 'admin', '2024-01-28 08:00:00', '2024-01-28 08:00:00', N'2525 Đường CDE, Quận 10'),
    ('ducnt', N'Nguyễn Thanh Đức', '0987654356', '2018-05-29', 'ntduc@example.com', 1, 
     '246813579', NULL, 'passwordabc', 1, 1, 
     'admin', 'admin', '2024-01-29 08:00:00', '2024-01-29 08:00:00', N'2626 Đường FGH, Quận 11'),
    ('dungtv', N'Trần Văn Dũng', '0987654357', '2019-06-30', 'tvdung@example.com', 1, 
     '357924681', NULL, 'passwordxyz', 0, 1, 
     'admin', 'admin', '2024-01-30 08:00:00', '2024-01-30 08:00:00', N'2727 Đường IJK, Quận Bình Tân'),
    ('thanhnq', N'Nguyễn Quang Thành', '0987654358', '2020-07-31', 'nqthanh@example.com', 1, 
     '468135792', NULL, 'password123', 1, 1, 
     'admin', 'admin', '2024-01-31 08:00:00', '2024-01-31 08:00:00', N'2828 Đường LMN, Quận Bình Chánh'),
    ('hangpt', N'Phạm Thị Hằng', '0987654359', '2021-08-01', 'pthang@example.com', 0, 
     '579246813', NULL, 'password456', 0, 1, 
     'admin', 'admin', '2024-02-01 08:00:00', '2024-02-01 08:00:00', N'2929 Đường OPQ, Quận Gò Vấp'),
    ('manhhn', N'Hồ Ngọc Mạnh', '0987654360', '2022-09-02', 'hnmanh@example.com', 1, 
     '681357924', NULL, 'password789', 1, 1, 
     'admin', 'admin', '2024-02-02 08:00:00', '2024-02-02 08:00:00', N'3030 Đường RST, Quận Tân Bình'),
    ('duytk', N'Trần Khắc Duy', '0987654361', '2023-10-03', 'tkduy@example.com', 1, 
     '792468135', NULL, 'passwordabc', 0, 1, 
     'admin', 'admin', '2024-02-03 08:00:00', '2024-02-03 08:00:00', N'3131 Đường UVW, Quận Tân Phú'),
    ('hanglv', N'Lê Thị Hằng', '0987654362', '2024-11-04', 'lthang@example.com', 0, 
     '813579246', NULL, 'passwordxyz', 1, 1, 
     'admin', 'admin', '2024-02-04 08:00:00', '2024-02-04 08:00:00', N'3232 Đường XYZ, Quận Thủ Đức');

----------------------------------------------------------------------------------------------------------------------------------------



-- Phiếu Giảm Giá 30 dữ liệu ----------------------------------------------------------------------------------------------------------------------------------------

INSERT INTO [dbo].[phieu_giam_gia] (
    [ma], [ten], [soLuong], [hinhThucGiam], [donToiThieu], [giaTriGiam], [giamToiDa], 
    [ngayBatdau], [ngayKetThuc], [ngayTao], [ngayCapNhat], [nguoiTao], [nguoiCapNhat], [trangThai]
) VALUES
    ('PGG202301', N'Phiếu giảm giá tháng 1/2023', 100, 1, 500000, 20000, 100000, 
     '2023-01-01 00:00:00', '2023-01-31 23:59:59', '2023-01-01 08:00:00', '2023-01-01 08:00:00', 1, 1, 1),
    ('PGG202302', N'Phiếu giảm giá tháng 2/2023', 150, 0, 800000, 30000, 150000, 
     '2023-02-01 00:00:00', '2023-02-28 23:59:59', '2023-02-01 08:00:00', '2023-02-01 08:00:00', 1, 1, 1),
    ('PGG202303', N'Phiếu giảm giá tháng 3/2023', 120, 1, 1200000, 35000, 200000, 
     '2023-03-01 00:00:00', '2023-03-31 23:59:59', '2023-03-01 08:00:00', '2023-03-01 08:00:00', 1, 1, 1),
    ('PGG202304', N'Phiếu giảm giá tháng 4/2023', 200, 0, 1500000, 40000, 250000, 
     '2023-04-01 00:00:00', '2023-04-30 23:59:59', '2023-04-01 08:00:00', '2023-04-01 08:00:00', 1, 1, 1),
    ('PGG202305', N'Phiếu giảm giá tháng 5/2023', 180, 1, 1000000, 25000, 180000, 
     '2023-05-01 00:00:00', '2023-05-31 23:59:59', '2023-05-01 08:00:00', '2023-05-01 08:00:00', 1, 1, 1),
    ('PGG202306', N'Phiếu giảm giá tháng 6/2023', 160, 0, 1100000, 30000, 150000, 
     '2023-06-01 00:00:00', '2023-06-30 23:59:59', '2023-06-01 08:00:00', '2023-06-01 08:00:00', 1, 1, 1),
    ('PGG202307', N'Phiếu giảm giá tháng 7/2023', 140, 1, 900000, 15000, 130000, 
     '2023-07-01 00:00:00', '2023-07-31 23:59:59', '2023-07-01 08:00:00', '2023-07-01 08:00:00', 1, 1, 1),
    ('PGG202308', N'Phiếu giảm giá tháng 8/2023', 130, 0, 700000, 18000, 120000, 
     '2023-08-01 00:00:00', '2023-08-31 23:59:59', '2023-08-01 08:00:00', '2023-08-01 08:00:00', 1, 1, 1),
    ('PGG202309', N'Phiếu giảm giá tháng 9/2023', 170, 1, 1400000, 45000, 220000, 
     '2023-09-01 00:00:00', '2023-09-30 23:59:59', '2023-09-01 08:00:00', '2023-09-01 08:00:00', 1, 1, 1),
    ('PGG202310', N'Phiếu giảm giá tháng 10/2023', 190, 0, 1600000, 50000, 250000, 
     '2023-10-01 00:00:00', '2023-10-31 23:59:59', '2023-10-01 08:00:00', '2023-10-01 08:00:00', 1, 1, 1),
    ('PGG202311', N'Phiếu giảm giá tháng 11/2023', 110, 1, 950000, 23000, 150000, 
     '2023-11-01 00:00:00', '2023-11-30 23:59:59', '2023-11-01 08:00:00', '2023-11-01 08:00:00', 1, 1, 1),
    ('PGG202312', N'Phiếu giảm giá tháng 12/2023', 125, 0, 1000000, 25000, 200000, 
     '2023-12-01 00:00:00', '2023-12-31 23:59:59', '2023-12-01 08:00:00', '2023-12-01 08:00:00', 1, 1, 1),
    ('PGG202213', N'Phiếu giảm giá tháng 1/2022', 105, 1, 800000, 20000, 120000, 
     '2022-01-01 00:00:00', '2022-01-31 23:59:59', '2022-01-01 08:00:00', '2022-01-01 08:00:00', 1, 1, 1),
    ('PGG202214', N'Phiếu giảm giá tháng 2/2022', 135, 0, 900000, 25000, 180000, 
     '2022-02-01 00:00:00', '2022-02-28 23:59:59', '2022-02-01 08:00:00', '2022-02-01 08:00:00', 1, 1, 1),
    ('PGG202215', N'Phiếu giảm giá tháng 3/2022', 115, 1, 700000, 15000, 100000, 
     '2022-03-01 00:00:00', '2022-03-31 23:59:59', '2022-03-01 08:00:00', '2022-03-01 08:00:00', 1, 1, 1),
    ('PGG202216', N'Phiếu giảm giá tháng 4/2022', 155, 0, 1400000, 40000, 200000, 
     '2022-04-01 00:00:00', '2022-04-30 23:59:59', '2022-04-01 08:00:00', '2022-04-01 08:00:00', 1, 1, 1),
    ('PGG202217', N'Phiếu giảm giá tháng 5/2022', 145, 1, 900000, 22000, 150000, 
     '2022-05-01 00:00:00', '2022-05-31 23:59:59', '2022-05-01 08:00:00', '2022-05-01 08:00:00', 1, 1, 1),
    ('PGG202218', N'Phiếu giảm giá tháng 6/2022', 175, 0, 1600000, 45000, 220000, 
     '2022-06-01 00:00:00', '2022-06-30 23:59:59', '2022-06-01 08:00:00', '2022-06-01 08:00:00', 1, 1, 1),
    ('PGG202219', N'Phiếu giảm giá tháng 7/2022', 165, 1, 1000000, 25000, 180000, 
     '2022-07-01 00:00:00', '2022-07-31 23:59:59', '2022-07-01 08:00:00', '2022-07-01 08:00:00', 1, 1, 1),
    ('PGG202220', N'Phiếu giảm giá tháng 8/2022', 185, 0, 1200000, 35000, 200000, 
     '2022-08-01 00:00:00', '2022-08-31 23:59:59', '2022-08-01 08:00:00', '2022-08-01 08:00:00', 1, 1, 1),
	   ('PGG202401', N'Phiếu giảm giá mới 1', 100, 1, 500000, 20000, 20000, 
     '2024-01-01 00:00:00', '2024-01-31 23:59:59', '2024-01-01 08:00:00', '2024-01-01 08:00:00', 1, 1, 0),
    ('PGG202402', N'Phiếu giảm giá mới 2', 100, 1, 1000000, 25000, 30000, 
     '2024-02-01 00:00:00', '2024-02-28 23:59:59', '2024-02-01 08:00:00', '2024-02-01 08:00:00', 1, 1, 0),
    ('PGG202403', N'Phiếu giảm giá mới 3', 100, 1, 1500000, 30000, 40000, 
     '2024-03-01 00:00:00', '2024-03-31 23:59:59', '2024-03-01 08:00:00', '2024-03-01 08:00:00', 1, 1, 0),
    ('PGG202404', N'Phiếu giảm giá mới 4', 100, 1, 2000000, 35000, 50000, 
     '2024-04-01 00:00:00', '2024-04-30 23:59:59', '2024-04-01 08:00:00', '2024-04-01 08:00:00', 1, 1, 0),
    ('PGG202405', N'Phiếu giảm giá mới 5', 100, 1, 2500000, 40000, 60000, 
     '2024-05-01 00:00:00', '2024-05-31 23:59:59', '2024-05-01 08:00:00', '2024-05-01 08:00:00', 1, 1, 0),
    ('PGG202406', N'Phiếu giảm giá mới 6', 100, 1, 3000000, 45000, 70000, 
     '2024-06-01 00:00:00', '2024-06-30 23:59:59', '2024-06-01 08:00:00', '2024-06-01 08:00:00', 1, 1, 0),
    ('PGG202407', N'Phiếu giảm giá mới 7', 100, 1, 3500000, 50000, 80000, 
     '2024-07-01 00:00:00', '2024-07-31 23:59:59', '2024-07-01 08:00:00', '2024-07-01 08:00:00', 1, 1, 0),
    ('PGG202408', N'Phiếu giảm giá mới 8', 100, 1, 4000000, 55000, 90000, 
     '2024-08-01 00:00:00', '2024-08-31 23:59:59', '2024-08-01 08:00:00', '2024-08-01 08:00:00', 1, 1, 0),
    ('PGG202409', N'Phiếu giảm giá mới 9', 100, 1, 4500000, 60000, 100000, 
     '2024-09-01 00:00:00', '2024-09-30 23:59:59', '2024-09-01 08:00:00', '2024-09-01 08:00:00', 1, 1, 0),
    ('PGG202410', N'Phiếu giảm giá mới 10', 100, 1, 5000000, 65000, 110000, 
     '2024-10-01 00:00:00', '2024-10-31 23:59:59', '2024-10-01 08:00:00', '2024-10-01 08:00:00', 1, 1, 0);


----------------------------------------------------------------------------------------------------------------------------------------



-- Ảnh 30 dữ liệu ----------------------------------------------------------------------------------------------------------------------------------------



----------------------------------------------------------------------------------------------------------------------------------------



-- Kích cỡ 19 dữ liệu ----------------------------------------------------------------------------------------------------------------------------------------

INSERT INTO [dbo].[kich_co] (
    [ten], [ngayTao], [ngayCapNhat], [nguoiTao], [nguoiCapNhat], [trangThai]
) VALUES
    ('35', '2024-01-01 08:00:00', '2024-01-01 08:00:00', 'admin', 'admin', 1),
    ('35.5', '2024-01-02 08:00:00', '2024-01-02 08:00:00', 'admin', 'admin', 1),
    ('36', '2024-01-03 08:00:00', '2024-01-03 08:00:00', 'admin', 'admin', 1),
    ('36.5', '2024-01-04 08:00:00', '2024-01-04 08:00:00', 'admin', 'admin', 1),
    ('37', '2024-01-05 08:00:00', '2024-01-05 08:00:00', 'admin', 'admin', 1),
    ('37.5', '2024-01-06 08:00:00', '2024-01-06 08:00:00', 'admin', 'admin', 1),
    ('38', '2024-01-07 08:00:00', '2024-01-07 08:00:00', 'admin', 'admin', 1),
    ('38.5', '2024-01-08 08:00:00', '2024-01-08 08:00:00', 'admin', 'admin', 1),
    ('39', '2024-01-09 08:00:00', '2024-01-09 08:00:00', 'admin', 'admin', 1),
    ('39.5', '2024-01-10 08:00:00', '2024-01-10 08:00:00', 'admin', 'admin', 1),
    ('40', '2024-01-11 08:00:00', '2024-01-11 08:00:00', 'admin', 'admin', 1),
    ('40.5', '2024-01-12 08:00:00', '2024-01-12 08:00:00', 'admin', 'admin', 1),
    ('41', '2024-01-13 08:00:00', '2024-01-13 08:00:00', 'admin', 'admin', 1),
    ('41.5', '2024-01-14 08:00:00', '2024-01-14 08:00:00', 'admin', 'admin', 1),
    ('42', '2024-01-15 08:00:00', '2024-01-15 08:00:00', 'admin', 'admin', 1),
    ('42.5', '2024-01-16 08:00:00', '2024-01-16 08:00:00', 'admin', 'admin', 1),
    ('43', '2024-01-17 08:00:00', '2024-01-17 08:00:00', 'admin', 'admin', 1),
    ('43.5', '2024-01-18 08:00:00', '2024-01-18 08:00:00', 'admin', 'admin', 1),
    ('44', '2024-01-19 08:00:00', '2024-01-19 08:00:00', 'admin', 'admin', 1);

----------------------------------------------------------------------------------------------------------------------------------------



-- Màu sắc 15 dữ liệu ----------------------------------------------------------------------------------------------------------------------------------------

INSERT INTO [dbo].[mau_sac] (ten, moTa, ngayTao, ngayCapNhat, nguoiTao, nguoiCapNhat, trangThai)
VALUES
('#FF0000', N'Đỏ', GETDATE(), GETDATE(), 'admin', 'admin', 1),
('#00FF00', N'Xanh lá', GETDATE(), GETDATE(), 'admin', 'admin', 1),
('#0000FF', N'Xanh dương', GETDATE(), GETDATE(), 'admin', 'admin', 1),
('#FFFF00', N'Vàng', GETDATE(), GETDATE(), 'admin', 'admin', 1),
('#FFA500', N'Cam', GETDATE(), GETDATE(), 'admin', 'admin', 1),
('#800080', N'Tím', GETDATE(), GETDATE(), 'admin', 'admin', 1),
('#00FFFF', N'Xanh ngọc', GETDATE(), GETDATE(), 'admin', 'admin', 1),
('#FFC0CB', N'Hồng', GETDATE(), GETDATE(), 'admin', 'admin', 1),
('#A52A2A', N'Nâu', GETDATE(), GETDATE(), 'admin', 'admin', 1),
('#808080', N'Xám', GETDATE(), GETDATE(), 'admin', 'admin', 1),
('#FFFFFF', N'Trắng', GETDATE(), GETDATE(), 'admin', 'admin', 1),
('#000000', N'Đen', GETDATE(), GETDATE(), 'admin', 'admin', 1),
('#8B4513', N'Nâu đất', GETDATE(), GETDATE(), 'admin', 'admin', 1),
('#2F4F4F', N'Xanh đen', GETDATE(), GETDATE(), 'admin', 'admin', 1),
('#228B22', N'Xanh lá cây đậm', GETDATE(), GETDATE(), 'admin', 'admin', 1),
('#FF6347', N'Đỏ cà chua', GETDATE(), GETDATE(), 'admin', 'admin', 1),
('#FFD700', N'Vàng kim', GETDATE(), GETDATE(), 'admin', 'admin', 1),
('#ADFF2F', N'Xanh vàng', GETDATE(), GETDATE(), 'admin', 'admin', 1),
('#DC143C', N'Đỏ yên chi', GETDATE(), GETDATE(), 'admin', 'admin', 1),
('#7FFF00', N'Xanh nõn chuối', GETDATE(), GETDATE(), 'admin', 'admin', 1),
('#4B0082', N'Chàm', GETDATE(), GETDATE(), 'admin', 'admin', 1),
('#FF1493', N'Hồng đậm', GETDATE(), GETDATE(), 'admin', 'admin', 1),
('#4682B4', N'Xanh thép', GETDATE(), GETDATE(), 'admin', 'admin', 1),
('#B22222', N'Đỏ lửa', GETDATE(), GETDATE(), 'admin', 'admin', 1),
('#FA8072', N'Hồng phấn', GETDATE(), GETDATE(), 'admin', 'admin', 1),
('#DAA520', N'Vàng nâu', GETDATE(), GETDATE(), 'admin', 'admin', 1),
('#00BFFF', N'Xanh trời nhạt', GETDATE(), GETDATE(), 'admin', 'admin', 1),
('#556B2F', N'Xanh olive đậm', GETDATE(), GETDATE(), 'admin', 'admin', 1),
('#9932CC', N'Tím lan', GETDATE(), GETDATE(), 'admin', 'admin', 1),
('#FF4500', N'Cam đỏ', GETDATE(), GETDATE(), 'admin', 'admin', 1);

    
----------------------------------------------------------------------------------------------------------------------------------------



-- Cổ giày 30 dữ liệu ----------------------------------------------------------------------------------------------------------------------------------------

INSERT INTO [dbo].[co_giay] (
    [ten], [ngayTao], [ngayCapNhat], [nguoiTao], [nguoiCapNhat], [trangThai]
) VALUES
    (N'Giày cổ thấp', '2024-01-01 08:00:00', '2024-01-01 08:00:00', 'admin', 'admin', 1),
    (N'Giày cổ cao', '2024-01-02 08:00:00', '2024-01-02 08:00:00', 'admin', 'admin', 1),
    (N'Giày cổ vừa', '2024-01-03 08:00:00', '2024-01-03 08:00:00', 'admin', 'admin', 1),
    (N'Giày cổ lửng', '2024-01-04 08:00:00', '2024-01-04 08:00:00', 'admin', 'admin', 1),
    (N'Giày cổ xẻ', '2024-01-05 08:00:00', '2024-01-05 08:00:00', 'admin', 'admin', 1),
    (N'Giày cổ trễ', '2024-01-06 08:00:00', '2024-01-06 08:00:00', 'admin', 'admin', 1),
    (N'Giày cổ cao gót', '2024-01-07 08:00:00', '2024-01-07 08:00:00', 'admin', 'admin', 1),
    (N'Giày cổ ngắn', '2024-01-08 08:00:00', '2024-01-08 08:00:00', 'admin', 'admin', 1),
    (N'Giày cổ thấp lưng', '2024-01-09 08:00:00', '2024-01-09 08:00:00', 'admin', 'admin', 1),
    (N'Giày cổ cao lưng', '2024-01-10 08:00:00', '2024-01-10 08:00:00', 'admin', 'admin', 1),
    (N'Giày cổ thả', '2024-01-11 08:00:00', '2024-01-11 08:00:00', 'admin', 'admin', 1),
    (N'Giày cổ vừa lưng', '2024-01-12 08:00:00', '2024-01-12 08:00:00', 'admin', 'admin', 1),
    (N'Giày cổ sụp', '2024-01-13 08:00:00', '2024-01-13 08:00:00', 'admin', 'admin', 1),
    (N'Giày cổ thô', '2024-01-14 08:00:00', '2024-01-14 08:00:00', 'admin', 'admin', 1),
    (N'Giày cổ mảnh', '2024-01-15 08:00:00', '2024-01-15 08:00:00', 'admin', 'admin', 1),
    (N'Giày cổ nhung', '2024-01-16 08:00:00', '2024-01-16 08:00:00', 'admin', 'admin', 1),
    (N'Giày cổ da', '2024-01-17 08:00:00', '2024-01-17 08:00:00', 'admin', 'admin', 1),
    (N'Giày cổ lưới', '2024-01-18 08:00:00', '2024-01-18 08:00:00', 'admin', 'admin', 1),
    (N'Giày cổ bông', '2024-01-19 08:00:00', '2024-01-19 08:00:00', 'admin', 'admin', 1),
    (N'Giày cổ vải', '2024-01-20 08:00:00', '2024-01-20 08:00:00', 'admin', 'admin', 1),
    (N'Giày cổ cao bản lớn', '2024-01-21 08:00:00', '2024-01-21 08:00:00', 'admin', 'admin', 1),
    (N'Giày cổ thấp bản lớn', '2024-01-22 08:00:00', '2024-01-22 08:00:00', 'admin', 'admin', 1),
    (N'Giày cổ chéo', '2024-01-23 08:00:00', '2024-01-23 08:00:00', 'admin', 'admin', 1),
    (N'Giày cổ chữ V', '2024-01-24 08:00:00', '2024-01-24 08:00:00', 'admin', 'admin', 1),
    (N'Giày cổ hình chữ U', '2024-01-25 08:00:00', '2024-01-25 08:00:00', 'admin', 'admin', 1),
    (N'Giày cổ cao dạng boot', '2024-01-26 08:00:00', '2024-01-26 08:00:00', 'admin', 'admin', 1),
    (N'Giày cổ thấp dạng boot', '2024-01-27 08:00:00', '2024-01-27 08:00:00', 'admin', 'admin', 1),
    (N'Giày cổ mở', '2024-01-28 08:00:00', '2024-01-28 08:00:00', 'admin', 'admin', 1),
    (N'Giày cổ kín', '2024-01-29 08:00:00', '2024-01-29 08:00:00', 'admin', 'admin', 1),
    (N'Giày cổ bít', '2024-01-30 08:00:00', '2024-01-30 08:00:00', 'admin', 'admin', 1);


----------------------------------------------------------------------------------------------------------------------------------------



-- Chất liệu 30 dữ liệu ----------------------------------------------------------------------------------------------------------------------------------------

INSERT INTO [dbo].[chat_lieu] (
    [ten], [ngayTao], [ngayCapNhat], [nguoiTao], [nguoiCapNhat], [trangThai]
) VALUES
    (N'Vải', '2024-01-01 08:00:00', '2024-01-01 08:00:00', 'admin', 'admin', 1),
    (N'Da bò', '2024-01-02 08:00:00', '2024-01-02 08:00:00', 'admin', 'admin', 1),
    (N'Da lộn', '2024-01-03 08:00:00', '2024-01-03 08:00:00', 'admin', 'admin', 1),
    (N'Nhựa PVC', '2024-01-04 08:00:00', '2024-01-04 08:00:00', 'admin', 'admin', 1),
    (N'Gore-Tex', '2024-01-05 08:00:00', '2024-01-05 08:00:00', 'admin', 'admin', 1),
    (N'Synthetic leather', '2024-01-06 08:00:00', '2024-01-06 08:00:00', 'admin', 'admin', 1),
    (N'Chất liệu mesh', '2024-01-07 08:00:00', '2024-01-07 08:00:00', 'admin', 'admin', 1),
    (N'Chất liệu Nubuck', '2024-01-08 08:00:00', '2024-01-08 08:00:00', 'admin', 'admin', 1),
    (N'Đế cao su', '2024-01-09 08:00:00', '2024-01-09 08:00:00', 'admin', 'admin', 1),
    (N'Đế EVA', '2024-01-10 08:00:00', '2024-01-10 08:00:00', 'admin', 'admin', 1),
    (N'Chất liệu Canvas', '2024-01-11 08:00:00', '2024-01-11 08:00:00', 'admin', 'admin', 1),
    (N'Vải dù', '2024-01-12 08:00:00', '2024-01-12 08:00:00', 'admin', 'admin', 1),
    (N'Vải lưới', '2024-01-13 08:00:00', '2024-01-13 08:00:00', 'admin', 'admin', 1),
    (N'Gai', '2024-01-14 08:00:00', '2024-01-14 08:00:00', 'admin', 'admin', 1),
    (N'Lụa', '2024-01-15 08:00:00', '2024-01-15 08:00:00', 'admin', 'admin', 1),
    (N'Sợi tre', '2024-01-16 08:00:00', '2024-01-16 08:00:00', 'admin', 'admin', 1),
    (N'Chất liệu vi sợi', '2024-01-17 08:00:00', '2024-01-17 08:00:00', 'admin', 'admin', 1),
    (N'Bông', '2024-01-18 08:00:00', '2024-01-18 08:00:00', 'admin', 'admin', 1),
    (N'Lông cừu', '2024-01-19 08:00:00', '2024-01-19 08:00:00', 'admin', 'admin', 1),
    (N'Da PU', '2024-01-20 08:00:00', '2024-01-20 08:00:00', 'admin', 'admin', 1),
    (N'Vải thun', '2024-01-21 08:00:00', '2024-01-21 08:00:00', 'admin', 'admin', 1),
    (N'Gai', '2024-01-22 08:00:00', '2024-01-22 08:00:00', 'admin', 'admin', 1),
    (N'Da cừu', '2024-01-23 08:00:00', '2024-01-23 08:00:00', 'admin', 'admin', 1),
    (N'Vải polyamide', '2024-01-24 08:00:00', '2024-01-24 08:00:00', 'admin', 'admin', 1),
    (N'Vải polyester', '2024-01-25 08:00:00', '2024-01-25 08:00:00', 'admin', 'admin', 1),
    (N'Chất liệu chống nước', '2024-01-26 08:00:00', '2024-01-26 08:00:00', 'admin', 'admin', 1),
    (N'Vải chống thấm', '2024-01-27 08:00:00', '2024-01-27 08:00:00', 'admin', 'admin', 1),
    (N'Vải oxford', '2024-01-28 08:00:00', '2024-01-28 08:00:00', 'admin', 'admin', 1),
    (N'Da lộn nubuck', '2024-01-29 08:00:00', '2024-01-29 08:00:00', 'admin', 'admin', 1),
    (N'Chất liệu lưới', '2024-01-30 08:00:00', '2024-01-30 08:00:00', 'admin', 'admin', 1),
    (N'Vải trơn', '2024-01-31 08:00:00', '2024-01-31 08:00:00', 'admin', 'admin', 1);


----------------------------------------------------------------------------------------------------------------------------------------



-- Nhà sản xuất 30 dữ liệu ----------------------------------------------------------------------------------------------------------------------------------------

INSERT INTO [dbo].[nha_san_xuat] (
    [ten], [ngayTao], [ngayCapNhat], [nguoiTao], [nguoiCapNhat], [trangThai]
) VALUES
    (N'Nike', '2024-01-01 08:00:00', '2024-01-01 08:00:00', 'admin', 'admin', 1),
    (N'Adidas', '2024-01-02 08:00:00', '2024-01-02 08:00:00', 'admin', 'admin', 1),
    (N'Puma', '2024-01-03 08:00:00', '2024-01-03 08:00:00', 'admin', 'admin', 1),
    (N'New Balance', '2024-01-04 08:00:00', '2024-01-04 08:00:00', 'admin', 'admin', 1),
    (N'Vans', '2024-01-05 08:00:00', '2024-01-05 08:00:00', 'admin', 'admin', 1),
    (N'Converse', '2024-01-06 08:00:00', '2024-01-06 08:00:00', 'admin', 'admin', 1),
    (N'Under Armour', '2024-01-07 08:00:00', '2024-01-07 08:00:00', 'admin', 'admin', 1),
    (N'Reebok', '2024-01-08 08:00:00', '2024-01-08 08:00:00', 'admin', 'admin', 1),
    (N'Asics', '2024-01-09 08:00:00', '2024-01-09 08:00:00', 'admin', 'admin', 1),
    (N'Fila', '2024-01-10 08:00:00', '2024-01-10 08:00:00', 'admin', 'admin', 1),
    (N'Skechers', '2024-01-11 08:00:00', '2024-01-11 08:00:00', 'admin', 'admin', 1),
    (N'Salomon', '2024-01-12 08:00:00', '2024-01-12 08:00:00', 'admin', 'admin', 1),
    (N'Lacoste', '2024-01-13 08:00:00', '2024-01-13 08:00:00', 'admin', 'admin', 1),
    (N'Polo Ralph Lauren', '2024-01-14 08:00:00', '2024-01-14 08:00:00', 'admin', 'admin', 1),
    (N'Burberry', '2024-01-15 08:00:00', '2024-01-15 08:00:00', 'admin', 'admin', 1),
    (N'Gucci', '2024-01-16 08:00:00', '2024-01-16 08:00:00', 'admin', 'admin', 1),
    (N'Louis Vuitton', '2024-01-17 08:00:00', '2024-01-17 08:00:00', 'admin', 'admin', 1),
    (N'Hermès', '2024-01-18 08:00:00', '2024-01-18 08:00:00', 'admin', 'admin', 1),
    (N'Chanel', '2024-01-19 08:00:00', '2024-01-19 08:00:00', 'admin', 'admin', 1),
    (N'Dior', '2024-01-20 08:00:00', '2024-01-20 08:00:00', 'admin', 'admin', 1),
    (N'Prada', '2024-01-21 08:00:00', '2024-01-21 08:00:00', 'admin', 'admin', 1),
    (N'Balenciaga', '2024-01-22 08:00:00', '2024-01-22 08:00:00', 'admin', 'admin', 1),
    (N'Versace', '2024-01-23 08:00:00', '2024-01-23 08:00:00', 'admin', 'admin', 1),
    (N'Dolce & Gabbana', '2024-01-24 08:00:00', '2024-01-24 08:00:00', 'admin', 'admin', 1),
    (N'Giorgio Armani', '2024-01-25 08:00:00', '2024-01-25 08:00:00', 'admin', 'admin', 1),
    (N'Fendi', '2024-01-26 08:00:00', '2024-01-26 08:00:00', 'admin', 'admin', 1),
    (N'Boss', '2024-01-27 08:00:00', '2024-01-27 08:00:00', 'admin', 'admin', 1),
    (N'Valentino', '2024-01-28 08:00:00', '2024-01-28 08:00:00', 'admin', 'admin', 1),
    (N'Yeezy', '2024-01-29 08:00:00', '2024-01-29 08:00:00', 'admin', 'admin', 1),
    (N'Alexander McQueen', '2024-01-30 08:00:00', '2024-01-30 08:00:00', 'admin', 'admin', 1);

----------------------------------------------------------------------------------------------------------------------------------------



-- Đế giày 30 dữ liệu ----------------------------------------------------------------------------------------------------------------------------------------

INSERT INTO [dbo].[de_giay] (
    [ten], [ngayTao], [ngayCapNhat], [nguoiTao], [nguoiCapNhat], [trangThai]
) VALUES
    (N'Commando', '2024-01-01 08:00:00', '2024-01-01 08:00:00', 'admin', 'admin', 1),
    (N'Rubber', '2024-01-02 08:00:00', '2024-01-02 08:00:00', 'admin', 'admin', 1),
    (N'Crepe', '2024-01-03 08:00:00', '2024-01-03 08:00:00', 'admin', 'admin', 1),
    (N'Leather', '2024-01-04 08:00:00', '2024-01-04 08:00:00', 'admin', 'admin', 1),
    (N'Composite', '2024-01-05 08:00:00', '2024-01-05 08:00:00', 'admin', 'admin', 1),
    (N'Wood', '2024-01-06 08:00:00', '2024-01-06 08:00:00', 'admin', 'admin', 1),
    (N'Cork', '2024-01-07 08:00:00', '2024-01-07 08:00:00', 'admin', 'admin', 1),
    (N'Foam', '2024-01-08 08:00:00', '2024-01-08 08:00:00', 'admin', 'admin', 1),
    (N'EVA', '2024-01-09 08:00:00', '2024-01-09 08:00:00', 'admin', 'admin', 1),
    (N'PU', '2024-01-10 08:00:00', '2024-01-10 08:00:00', 'admin', 'admin', 1),
    (N'TPR', '2024-01-11 08:00:00', '2024-01-11 08:00:00', 'admin', 'admin', 1),
    (N'Rubber and Cork', '2024-01-12 08:00:00', '2024-01-12 08:00:00', 'admin', 'admin', 1),
    (N'Gum', '2024-01-13 08:00:00', '2024-01-13 08:00:00', 'admin', 'admin', 1),
    (N'Plastic', '2024-01-14 08:00:00', '2024-01-14 08:00:00', 'admin', 'admin', 1),
    (N'Steel', '2024-01-15 08:00:00', '2024-01-15 08:00:00', 'admin', 'admin', 1),
    (N'Carbon Fiber', '2024-01-16 08:00:00', '2024-01-16 08:00:00', 'admin', 'admin', 1),
    (N'TPU', '2024-01-17 08:00:00', '2024-01-17 08:00:00', 'admin', 'admin', 1),
    (N'Crepe Rubber', '2024-01-18 08:00:00', '2024-01-18 08:00:00', 'admin', 'admin', 1),
    (N'Synthetic', '2024-01-19 08:00:00', '2024-01-19 08:00:00', 'admin', 'admin', 1),
    (N'Vibram', '2024-01-20 08:00:00', '2024-01-20 08:00:00', 'admin', 'admin', 1),
    (N'Crepesole', '2024-01-21 08:00:00', '2024-01-21 08:00:00', 'admin', 'admin', 1),
    (N'Polyurethane', '2024-01-22 08:00:00', '2024-01-22 08:00:00', 'admin', 'admin', 1),
    (N'Air Cushion', '2024-01-23 08:00:00', '2024-01-23 08:00:00', 'admin', 'admin', 1),
    (N'Latex', '2024-01-24 08:00:00', '2024-01-24 08:00:00', 'admin', 'admin', 1),
    (N'Gel', '2024-01-25 08:00:00', '2024-01-25 08:00:00', 'admin', 'admin', 1),
    (N'Sponge', '2024-01-26 08:00:00', '2024-01-26 08:00:00', 'admin', 'admin', 1),
    (N'Rubber and TPU', '2024-01-27 08:00:00', '2024-01-27 08:00:00', 'admin', 'admin', 1),
    (N'Jute', '2024-01-28 08:00:00', '2024-01-28 08:00:00', 'admin', 'admin', 1),
    (N'Leather and Rubber', '2024-01-29 08:00:00', '2024-01-29 08:00:00', 'admin', 'admin', 1),
    (N'Rubber and EVA', '2024-01-30 08:00:00', '2024-01-30 08:00:00', 'admin', 'admin', 1);

----------------------------------------------------------------------------------------------------------------------------------------



-- Thương hiệu 31 dữ liệu ----------------------------------------------------------------------------------------------------------------------------------------

INSERT INTO [dbo].[thuong_hieu] (
    [tenThuongHieu], [ngayTao], [ngayCapNhat], [nguoiTao], [nguoiCapNhat], [trangThai]
) VALUES
    (N'Nike', '2024-01-01 08:00:00', '2024-01-01 08:00:00', 'admin', 'admin', 1),
    (N'Adidas', '2024-01-02 08:00:00', '2024-01-02 08:00:00', 'admin', 'admin', 1),
    (N'Puma', '2024-01-03 08:00:00', '2024-01-03 08:00:00', 'admin', 'admin', 1),
    (N'New Balance', '2024-01-04 08:00:00', '2024-01-04 08:00:00', 'admin', 'admin', 1),
    (N'Vans', '2024-01-05 08:00:00', '2024-01-05 08:00:00', 'admin', 'admin', 1),
    (N'Converse', '2024-01-06 08:00:00', '2024-01-06 08:00:00', 'admin', 'admin', 1),
    (N'Ralph Lauren', '2024-02-06 08:00:00', '2024-02-06 08:00:00', 'admin', 'admin', 1),
    (N'Marc Jacobs', '2024-02-07 08:00:00', '2024-02-07 08:00:00', 'admin', 'admin', 1),
    (N'Kate Spade', '2024-02-08 08:00:00', '2024-02-08 08:00:00', 'admin', 'admin', 1),
    (N'Burberry', '2024-02-09 08:00:00', '2024-02-09 08:00:00', 'admin', 'admin', 1),
    (N'Coach', '2024-02-10 08:00:00', '2024-02-10 08:00:00', 'admin', 'admin', 1),
    (N'Fossil', '2024-02-11 08:00:00', '2024-02-11 08:00:00', 'admin', 'admin', 1),
    (N'Swarovski', '2024-02-12 08:00:00', '2024-02-12 08:00:00', 'admin', 'admin', 1),
    (N'Guess', '2024-02-13 08:00:00', '2024-02-13 08:00:00', 'admin', 'admin', 1),
    (N'Chloé', '2024-02-14 08:00:00', '2024-02-14 08:00:00', 'admin', 'admin', 1),
    (N'Hugo Boss', '2024-02-15 08:00:00', '2024-02-15 08:00:00', 'admin', 'admin', 1),
    (N'Givenchy', '2024-02-16 08:00:00', '2024-02-16 08:00:00', 'admin', 'admin', 1),
    (N'Kenzo', '2024-02-17 08:00:00', '2024-02-17 08:00:00', 'admin', 'admin', 1),
    (N'Balmain', '2024-02-18 08:00:00', '2024-02-18 08:00:00', 'admin', 'admin', 1),
    (N'Alexander Wang', '2024-02-19 08:00:00', '2024-02-19 08:00:00', 'admin', 'admin', 1),
    (N'Missoni', '2024-02-20 08:00:00', '2024-02-20 08:00:00', 'admin', 'admin', 1),
    (N'Balenciaga', '2024-02-21 08:00:00', '2024-02-21 08:00:00', 'admin', 'admin', 1),
    (N'Giorgio Armani', '2024-02-22 08:00:00', '2024-02-22 08:00:00', 'admin', 'admin', 1),
    (N'Prada', '2024-02-23 08:00:00', '2024-02-23 08:00:00', 'admin', 'admin', 1),
    (N'Gucci', '2024-02-24 08:00:00', '2024-02-24 08:00:00', 'admin', 'admin', 1),
    (N'Louis Vuitton', '2024-02-25 08:00:00', '2024-02-25 08:00:00', 'admin', 'admin', 1),
    (N'Versace', '2024-02-26 08:00:00', '2024-02-26 08:00:00', 'admin', 'admin', 1),
    (N'Chanel', '2024-02-27 08:00:00', '2024-02-27 08:00:00', 'admin', 'admin', 1),
    (N'Hermès', '2024-02-28 08:00:00', '2024-02-28 08:00:00', 'admin', 'admin', 1),
    (N'Fendi', '2024-02-29 08:00:00', '2024-02-29 08:00:00', 'admin', 'admin', 1),
    (N'Burberry', '2024-03-01 08:00:00', '2024-03-01 08:00:00', 'admin', 'admin', 1);

----------------------------------------------------------------------------------------------------------------------------------------



-- Sản phẩm 30 dữ liệu ----------------------------------------------------------------------------------------------------------------------------------------

INSERT INTO [dbo].[san_pham] (
    [ten], [idThuongHieu], [moTa], [ngayTao], [ngayCapNhat], [nguoiTao], [nguoiCapNhat], [trangThai]
) VALUES
    (N'Nike Air Force 1', 1, N'Giày thể thao phổ biến của Nike', '2024-01-01 08:00:00', '2024-01-01 08:00:00', 'admin', 'admin', 1),
    (N'Adidas Ultraboost 22', 2, N'Giày chạy bộ hiệu suất cao của Adidas', '2024-01-02 08:00:00', '2024-01-02 08:00:00', 'admin', 'admin', 1),
    (N'Converse Chuck Taylor All Star', 3, N'Giày vải cổ điển của Converse', '2024-01-03 08:00:00', '2024-01-03 08:00:00', 'admin', 'admin', 1),
    (N'Puma Suede Classic', 4, N'Mẫu giày cổ điển của Puma', '2024-01-04 08:00:00', '2024-01-04 08:00:00', 'admin', 'admin', 1),
    (N'Vans Old Skool', 5, N'Mẫu giày trượt ván biểu tượng của Vans', '2024-01-05 08:00:00', '2024-01-05 08:00:00', 'admin', 'admin', 1),
    (N'New Balance 574', 6, N'Giày thể thao phong cách của New Balance', '2024-01-06 08:00:00', '2024-01-06 08:00:00', 'admin', 'admin', 1),
    (N'Reebok Club C 85', 7, N'Mẫu giày thể thao cổ điển của Reebok', '2024-01-07 08:00:00', '2024-01-07 08:00:00', 'admin', 'admin', 1),
    (N'Asics Gel-Kayano 29', 8, N'Giày chạy bộ hỗ trợ của Asics', '2024-01-08 08:00:00', '2024-01-08 08:00:00', 'admin', 'admin', 1),
    (N'Jordan 1 Retro High', 9, N'Mẫu giày bóng rổ nổi tiếng của Jordan', '2024-01-09 08:00:00', '2024-01-09 08:00:00', 'admin', 'admin', 1),
    (N'Fila Disruptor II', 10, N'Giày thể thao thời trang của Fila', '2024-01-10 08:00:00', '2024-01-10 08:00:00', 'admin', 'admin', 1),
    (N'Skechers D’Lites', 11, N'Giày thể thao đế dày của Skechers', '2024-01-11 08:00:00', '2024-01-11 08:00:00', 'admin', 'admin', 1),
    (N'Saucony Jazz Original', 12, N'Giày thể thao cổ điển của Saucony', '2024-01-12 08:00:00', '2024-01-12 08:00:00', 'admin', 'admin', 1),
    (N'Under Armour HOVR Phantom 2', 13, N'Giày chạy bộ hiệu suất cao của Under Armour', '2024-01-13 08:00:00', '2024-01-13 08:00:00', 'admin', 'admin', 1),
    (N'Balenciaga Triple S', 14, N'Giày thể thao đế dày cao cấp của Balenciaga', '2024-01-14 08:00:00', '2024-01-14 08:00:00', 'admin', 'admin', 1),
    (N'Gucci Ace Sneaker', 15, N'Giày thể thao thời trang cao cấp của Gucci', '2024-01-15 08:00:00', '2024-01-15 08:00:00', 'admin', 'admin', 1),
    (N'Common Projects Achilles Low', 16, N'Giày thể thao tối giản của Common Projects', '2024-01-16 08:00:00', '2024-01-16 08:00:00', 'admin', 'admin', 1),
    (N'Golden Goose Superstar', 17, N'Giày thể thao thời trang đặc trưng của Golden Goose', '2024-01-17 08:00:00', '2024-01-17 08:00:00', 'admin', 'admin', 1),
    (N'Onitsuka Tiger Mexico 66', 18, N'Mẫu giày cổ điển của Onitsuka Tiger', '2024-01-18 08:00:00', '2024-01-18 08:00:00', 'admin', 'admin', 1),
    (N'Hoka One One Bondi 7', 19, N'Giày chạy bộ đệm dày của Hoka One One', '2024-01-19 08:00:00', '2024-01-19 08:00:00', 'admin', 'admin', 1),
    (N'Lacoste Carnaby Evo', 20, N'Giày thể thao phong cách của Lacoste', '2024-01-20 08:00:00', '2024-01-20 08:00:00', 'admin', 'admin', 1),
    (N'Timberland 6-Inch Premium Boot', 21, N'Giày boot cổ điển của Timberland', '2024-01-21 08:00:00', '2024-01-21 08:00:00', 'admin', 'admin', 1),
    (N'Toms Alpargata', 22, N'Giày vải thoải mái của Toms', '2024-01-22 08:00:00', '2024-01-22 08:00:00', 'admin', 'admin', 1),
    (N'Ugg Classic Mini II', 23, N'Giày boot da cừu của Ugg', '2024-01-23 08:00:00', '2024-01-23 08:00:00', 'admin', 'admin', 1),
    (N'Superga 2750 Cotu Classic', 24, N'Giày thể thao vải của Superga', '2024-01-24 08:00:00', '2024-01-24 08:00:00', 'admin', 'admin', 1),
    (N'Birkenstock Arizona', 25, N'Dép sandal nổi tiếng của Birkenstock', '2024-01-25 08:00:00', '2024-01-25 08:00:00', 'admin', 'admin', 1),
    (N'Veja V-10', 26, N'Giày thể thao thân thiện môi trường của Veja', '2024-01-26 08:00:00', '2024-01-26 08:00:00', 'admin', 'admin', 1),
    (N'New Balance 990v5', 27, N'Giày thể thao phong cách của New Balance', '2024-01-27 08:00:00', '2024-01-27 08:00:00', 'admin', 'admin', 1),
    (N'Tehva Original Universal', 28, N'Dép sandal tiện dụng của Tehva', '2024-01-28 08:00:00', '2024-01-28 08:00:00', 'admin', 'admin', 1),
    (N'Cole Haan Original Grand', 29, N'Giày tây thể thao lịch lãm của Cole Haan', '2024-01-29 08:00:00', '2024-01-29 08:00:00', 'admin', 'admin', 1),
    (N'Clarks Wallabee', 30, N'Giày lười cổ điển của Clarks', '2024-01-30 08:00:00', '2024-01-30 08:00:00', 'admin', 'admin', 1);


----------------------------------------------------------------------------------------------------------------------------------------


-- Sản phẩm chi tiết 30 dữ liệu ----------------------------------------------------------------------------------------------------------------------------------------

INSERT INTO [dbo].[san_pham_chi_tiet] 
    ([ma], [ten], [soLuong], [barcode], [giaBan], [moTa], [canNang], [ngaySanXuat], [nguoiTao], [nguoiCapNhat], [ngayTao], [ngayCapNhat], [Anh], [idKichCo], [idMauSac], [idDeGiay], [idChatLieu], [idSanPham], [idCoGiay], [idNhaSanXuat], [trangThai])
VALUES
    (N'MA001', N'Nike Air Max 1', 100, '1234567890101', 800000, N'Mô tả sản phẩm Nike Air Max 1', 400, '2024-01-01 08:00:00', 'admin', 'admin', '2024-01-01 08:00:00', '2024-01-01 08:00:00', 1, 1, 1, 1, 1, 1, 1, 1, 1),
    (N'MA002', N'Nike Air Max 270', 120, '1234567890102', 850000, N'Mô tả sản phẩm Nike Air Max 270', 420, '2024-01-10 08:00:00', 'admin', 'admin', '2024-01-10 08:00:00', '2024-01-10 08:00:00', 2, 2, 2, 2, 2, 2, 2, 2, 1),
    (N'MA003', N'Nike Air Force 1', 150, '1234567890103', 900000, N'Mô tả sản phẩm Nike Air Force 1', 430, '2024-01-20 08:00:00', 'admin', 'admin', '2024-01-20 08:00:00', '2024-01-20 08:00:00', 3, 3, 3, 3, 3, 3, 3, 3, 1),
    (N'MA004', N'Puma RS-X', 130, '1234567890104', 750000, N'Mô tả sản phẩm Puma RS-X', 310, '2024-01-30 08:00:00', 'admin', 'admin', '2024-01-30 08:00:00', '2024-01-30 08:00:00', 4, 4, 4, 4, 4, 4, 4, 4, 1),
    (N'MA005', N'Puma Suede Classic', 140, '1234567890105', 700000, N'Mô tả sản phẩm Puma Suede Classic', 320, '2024-02-05 08:00:00', 'admin', 'admin', '2024-02-05 08:00:00', '2024-02-05 08:00:00', 5, 5, 5, 5, 5, 5, 5, 5, 1),
    (N'MA006', N'Nike SB Dunk Low', 160, '1234567890106', 950000, N'Mô tả sản phẩm Nike SB Dunk Low', 440, '2024-02-15 08:00:00', 'admin', 'admin', '2024-02-15 08:00:00', '2024-02-15 08:00:00', 6, 6, 6, 6, 6, 6, 6, 6, 1),
    (N'MA007', N'Puma Future Rider', 170, '1234567890107', 780000, N'Mô tả sản phẩm Puma Future Rider', 350, '2024-02-25 08:00:00', 'admin', 'admin', '2024-02-25 08:00:00', '2024-02-25 08:00:00', 7, 7, 7, 7, 7, 7, 7, 7, 1),
    (N'MA008', N'Nike React Element 55', 180, '1234567890108', 870000, N'Mô tả sản phẩm Nike React Element 55', 460, '2024-03-05 08:00:00', 'admin', 'admin', '2024-03-05 08:00:00', '2024-03-05 08:00:00', 8, 8, 8, 8, 8, 8, 8, 8, 1),
    (N'MA009', N'Puma Clyde', 190, '1234567890109', 820000, N'Mô tả sản phẩm Puma Clyde', 470, '2024-03-15 08:00:00', 'admin', 'admin', '2024-03-15 08:00:00', '2024-03-15 08:00:00', 9, 9, 9, 9, 9, 9, 9, 9, 1),
    (N'MA010', N'Nike Air Zoom Pegasus 37', 200, '1234567890110', 900000, N'Mô tả sản phẩm Nike Air Zoom Pegasus 37', 480, '2024-03-25 08:00:00', 'admin', 'admin', '2024-03-25 08:00:00', '2024-03-25 08:00:00', 10, 10, 10, 10, 10, 10, 10, 10, 1),
    (N'MA011', N'Puma RS 2K', 210, '1234567890111', 740000, N'Mô tả sản phẩm Puma RS 2K', 490, '2024-04-05 08:00:00', 'admin', 'admin', '2024-04-05 08:00:00', '2024-04-05 08:00:00', 11, 11, 11, 11, 11, 11, 11, 11, 1),
    (N'MA012', N'Nike Air Max 97', 220, '1234567890112', 950000, N'Mô tả sản phẩm Nike Air Max 97', 500, '2024-04-15 08:00:00', 'admin', 'admin', '2024-04-15 08:00:00', '2024-04-15 08:00:00', 12, 12, 12, 12, 12, 12, 12, 12, 1),
    (N'MA013', N'Puma Thunder Spectra', 230, '1234567890113', 790000, N'Mô tả sản phẩm Puma Thunder Spectra', 510, '2024-04-25 08:00:00', 'admin', 'admin', '2024-04-25 08:00:00', '2024-04-25 08:00:00', 13, 13, 13, 13, 13, 13, 13, 13, 1),
    (N'MA014', N'Nike Air Max Plus', 240, '1234567890114', 870000, N'Mô tả sản phẩm Nike Air Max Plus', 520, '2024-05-05 08:00:00', 'admin', 'admin', '2024-05-05 08:00:00', '2024-05-05 08:00:00', 14, 14, 14, 14, 14, 14, 14, 14, 1),
    (N'MA015', N'Puma Cali', 250, '1234567890115', 800000, N'Mô tả sản phẩm Puma Cali', 530, '2024-05-15 08:00:00', 'admin', 'admin', '2024-05-15 08:00:00', '2024-05-15 08:00:00', 15, 15, 15, 15, 15, 15, 15, 15, 1),
    (N'MA016', N'Nike Air Max 2090', 260, '1234567890116', 920000, N'Mô tả sản phẩm Nike Air Max 2090', 540, '2024-05-25 08:00:00', 'admin', 'admin', '2024-05-25 08:00:00', '2024-05-25 08:00:00', 16, 16, 16, 16, 16, 16, 16, 16, 1),
    (N'MA017', N'Puma Roma', 270, '1234567890117', 710000, N'Mô tả sản phẩm Puma Roma', 550, '2024-06-05 08:00:00', 'admin', 'admin', '2024-06-05 08:00:00', '2024-06-05 08:00:00', 17, 17, 17, 17, 17, 17, 17, 17, 1),
    (N'MA018', N'Nike Air Huarache', 280, '1234567890118', 890000, N'Mô tả sản phẩm Nike Air Huarache', 560, '2024-06-15 08:00:00', 'admin', 'admin', '2024-06-15 08:00:00', '2024-06-15 08:00:00', 18, 18, 18, 18, 18, 18, 18, 18, 1),
    (N'MA019', N'Puma Ignite', 290, '1234567890119', 830000, N'Mô tả sản phẩm Puma Ignite', 570, '2024-06-25 08:00:00', 'admin', 'admin', '2024-06-25 08:00:00', '2024-06-25 08:00:00', 19, 19, 19, 19, 19, 19, 19, 19, 1),
    (N'MA020', N'Nike Air Zoom Structure', 300, '1234567890120', 910000, N'Mô tả sản phẩm Nike Air Zoom Structure', 580, '2024-07-05 08:00:00', 'admin', 'admin', '2024-07-05 08:00:00', '2024-07-05 08:00:00', 20, 1, 20, 20, 20, 20, 20, 20, 1),
    (N'MA021', N'Puma Slipstream', 310, '1234567890121', 770000, N'Mô tả sản phẩm Puma Slipstream', 590, '2024-07-15 08:00:00', 'admin', 'admin', '2024-07-15 08:00:00', '2024-07-15 08:00:00', 21, 2, 21, 21, 21, 21, 21, 21, 1),
    (N'MA022', N'Nike Air Max 720', 320, '1234567890122', 930000, N'Mô tả sản phẩm Nike Air Max 720', 600, '2024-07-25 08:00:00', 'admin', 'admin', '2024-07-25 08:00:00', '2024-07-25 08:00:00', 22, 3, 22, 22, 22, 22, 22, 22, 1),
    (N'MA023', N'Puma Basket Heart', 330, '1234567890123', 820000, N'Mô tả sản phẩm Puma Basket Heart', 610, '2024-08-05 08:00:00', 'admin', 'admin', '2024-08-05 08:00:00', '2024-08-05 08:00:00', 23, 4, 23, 23, 23, 23, 23, 23, 1),
    (N'MA024', N'Nike Air Max 90', 340, '1234567890124', 880000, N'Mô tả sản phẩm Nike Air Max 90', 620, '2024-08-15 08:00:00', 'admin', 'admin', '2024-08-15 08:00:00', '2024-08-15 08:00:00', 24, 5, 24, 24, 24, 24, 24, 24, 1),
    (N'MA025', N'Puma Cali Bold', 350, '1234567890125', 790000, N'Mô tả sản phẩm Puma Cali Bold', 630, '2024-08-25 08:00:00', 'admin', 'admin', '2024-08-25 08:00:00', '2024-08-25 08:00:00', 25, 6, 25, 25, 25, 25, 25, 25, 1),
    (N'MA026', N'Nike Air Max 200', 360, '1234567890126', 910000, N'Mô tả sản phẩm Nike Air Max 200', 640, '2024-09-05 08:00:00', 'admin', 'admin', '2024-09-05 08:00:00', '2024-09-05 08:00:00', 26, 7, 26, 26, 26, 26, 26, 26, 1),
    (N'MA027', N'Puma RS 9.8', 370, '1234567890127', 740000, N'Mô tả sản phẩm Puma RS 9.8', 650, '2024-09-15 08:00:00', 'admin', 'admin', '2024-09-15 08:00:00', '2024-09-15 08:00:00', 27, 8, 27, 27, 27, 27, 27, 27, 1),
    (N'MA028', N'Nike Air Max 95', 380, '1234567890128', 940000, N'Mô tả sản phẩm Nike Air Max 95', 660, '2024-09-25 08:00:00', 'admin', 'admin', '2024-09-25 08:00:00', '2024-09-25 08:00:00', 28, 9, 28, 28, 28, 28, 28, 28, 1),
    (N'MA029', N'Puma Ultra', 390, '1234567890129', 780000, N'Mô tả sản phẩm Puma Ultra', 670, '2024-10-05 08:00:00', 'admin', 'admin', '2024-10-05 08:00:00', '2024-10-05 08:00:00', 29, 10, 29, 29, 29, 29, 29, 29, 1),
    (N'MA030', N'Nike Air Zoom Fly', 400, '1234567890130', 960000, N'Mô tả sản phẩm Nike Air Zoom Fly', 680, '2024-10-15 08:00:00', 'admin', 'admin', '2024-10-15 08:00:00', '2024-10-15 08:00:00', 30, 11, 30, 30, 30, 30, 30, 30, 1),
	(N'MA031', N'Nike Air Max 1', 110, '1234567890131', 810000, N'Mô tả sản phẩm Nike Air Max 1', 405, '2024-10-20 08:00:00', 'admin', 'admin', '2024-10-20 08:00:00', '2024-10-20 08:00:00', 1, 1, 1, 1, 1, 1, 1, 1, 1),
    (N'MA032', N'Nike Air Max 270', 130, '1234567890132', 860000, N'Mô tả sản phẩm Nike Air Max 270', 425, '2024-10-25 08:00:00', 'admin', 'admin', '2024-10-25 08:00:00', '2024-10-25 08:00:00', 2, 2, 2, 2, 2, 2, 2, 2, 1),
    (N'MA033', N'Nike Air Force 1', 140, '1234567890133', 910000, N'Mô tả sản phẩm Nike Air Force 1', 435, '2024-11-05 08:00:00', 'admin', 'admin', '2024-11-05 08:00:00', '2024-11-05 08:00:00', 3, 3, 3, 3, 3, 3, 3, 3, 1),
    (N'MA034', N'Puma RS-X', 150, '1234567890134', 760000, N'Mô tả sản phẩm Puma RS-X', 315, '2024-11-15 08:00:00', 'admin', 'admin', '2024-11-15 08:00:00', '2024-11-15 08:00:00', 4, 4, 4, 4, 4, 4, 4, 4, 1),
    (N'MA035', N'Puma Suede Classic', 160, '1234567890135', 710000, N'Mô tả sản phẩm Puma Suede Classic', 325, '2024-11-25 08:00:00', 'admin', 'admin', '2024-11-25 08:00:00', '2024-11-25 08:00:00', 5, 5, 5, 5, 5, 5, 5, 5, 1),
    (N'MA036', N'Nike SB Dunk Low', 170, '1234567890136', 960000, N'Mô tả sản phẩm Nike SB Dunk Low', 445, '2024-12-05 08:00:00', 'admin', 'admin', '2024-12-05 08:00:00', '2024-12-05 08:00:00', 6, 6, 6, 6, 6, 6, 6, 6, 1),
    (N'MA037', N'Puma Future Rider', 180, '1234567890137', 790000, N'Mô tả sản phẩm Puma Future Rider', 355, '2024-12-15 08:00:00', 'admin', 'admin', '2024-12-15 08:00:00', '2024-12-15 08:00:00', 7, 7, 7, 7, 7, 7, 7, 7, 1),
    (N'MA038', N'Nike React Element 55', 190, '1234567890138', 880000, N'Mô tả sản phẩm Nike React Element 55', 465, '2024-12-25 08:00:00', 'admin', 'admin', '2024-12-25 08:00:00', '2024-12-25 08:00:00', 8, 8, 8, 8, 8, 8, 8, 8, 1),
    (N'MA039', N'Puma Clyde', 200, '1234567890139', 830000, N'Mô tả sản phẩm Puma Clyde', 470, '2025-01-05 08:00:00', 'admin', 'admin', '2025-01-05 08:00:00', '2025-01-05 08:00:00', 9, 9, 9, 9, 9, 9, 9, 9, 1),
    (N'MA040', N'Nike Air Zoom Pegasus 37', 210, '1234567890140', 920000, N'Mô tả sản phẩm Nike Air Zoom Pegasus 37', 480, '2025-01-15 08:00:00', 'admin', 'admin', '2025-01-15 08:00:00', '2025-01-15 08:00:00', 10, 10, 10, 10, 10, 10, 10, 10, 1),
    (N'MA041', N'Puma RS 2K', 220, '1234567890141', 740000, N'Mô tả sản phẩm Puma RS 2K', 490, '2025-01-25 08:00:00', 'admin', 'admin', '2025-01-25 08:00:00', '2025-01-25 08:00:00', 11, 11, 11, 11, 11, 11, 11, 11, 1),
    (N'MA042', N'Nike Air Max 97', 230, '1234567890142', 960000, N'Mô tả sản phẩm Nike Air Max 97', 500, '2025-02-05 08:00:00', 'admin', 'admin', '2025-02-05 08:00:00', '2025-02-05 08:00:00', 12, 12, 12, 12, 12, 12, 12, 12, 1),
    (N'MA043', N'Puma Thunder Spectra', 240, '1234567890143', 800000, N'Mô tả sản phẩm Puma Thunder Spectra', 510, '2025-02-15 08:00:00', 'admin', 'admin', '2025-02-15 08:00:00', '2025-02-15 08:00:00', 13, 13, 13, 13, 13, 13, 13, 13, 1),
    (N'MA044', N'Nike Air Max Plus', 250, '1234567890144', 890000, N'Mô tả sản phẩm Nike Air Max Plus', 520, '2025-02-25 08:00:00', 'admin', 'admin', '2025-02-25 08:00:00', '2025-02-25 08:00:00', 14, 14, 14, 14, 14, 14, 14, 14, 1),
    (N'MA045', N'Puma Cali', 260, '1234567890145', 810000, N'Mô tả sản phẩm Puma Cali', 530, '2025-03-05 08:00:00', 'admin', 'admin', '2025-03-05 08:00:00', '2025-03-05 08:00:00', 15, 15, 15, 15, 15, 15, 15, 15, 1),
    (N'MA046', N'Nike Air Max 2090', 270, '1234567890146', 930000, N'Mô tả sản phẩm Nike Air Max 2090', 540, '2025-03-15 08:00:00', 'admin', 'admin', '2025-03-15 08:00:00', '2025-03-15 08:00:00', 16, 16, 16, 16, 16, 16, 16, 16, 1),
    (N'MA047', N'Puma Slipstream Lo', 280, '1234567890147', 750000, N'Mô tả sản phẩm Puma Slipstream Lo', 550, '2025-03-25 08:00:00', 'admin', 'admin', '2025-03-25 08:00:00', '2025-03-25 08:00:00', 17, 17, 17, 17, 17, 17, 17, 17, 1),
    (N'MA048', N'Nike Air Max 1 Premium', 290, '1234567890148', 920000, N'Mô tả sản phẩm Nike Air Max 1 Premium', 560, '2025-04-05 08:00:00', 'admin', 'admin', '2025-04-05 08:00:00', '2025-04-05 08:00:00', 18, 18, 18, 18, 18, 18, 18, 18, 1),
    (N'MA049', N'Puma Thunder', 300, '1234567890149', 780000, N'Mô tả sản phẩm Puma Thunder', 570, '2025-04-15 08:00:00', 'admin', 'admin', '2025-04-15 08:00:00', '2025-04-15 08:00:00', 19, 19, 19, 19, 19, 19, 19, 19, 1),
    (N'MA050', N'Nike Air Zoom', 310, '1234567890150', 960000, N'Mô tả sản phẩm Nike Air Zoom', 580, '2025-04-25 08:00:00', 'admin', 'admin', '2025-04-25 08:00:00', '2025-04-25 08:00:00', 20, 1, 20, 20, 20, 20, 20, 20, 1),
    (N'MA051', N'Puma RS-9', 320, '1234567890151', 740000, N'Mô tả sản phẩm Puma RS-9', 590, '2025-05-05 08:00:00', 'admin', 'admin', '2025-05-05 08:00:00', '2025-05-05 08:00:00', 21, 2, 21, 2, 21, 21, 21, 21, 1),
    (N'MA052', N'Nike Air Max 270 React', 330, '1234567890152', 900000, N'Mô tả sản phẩm Nike Air Max 270 React', 600, '2025-05-15 08:00:00', 'admin', 'admin', '2025-05-15 08:00:00', '2025-05-15 08:00:00', 22, 3, 22, 22, 22, 22, 22, 22, 1),
    (N'MA053', N'Puma Trailfox', 340, '1234567890153', 780000, N'Mô tả sản phẩm Puma Trailfox', 610, '2025-05-25 08:00:00', 'admin', 'admin', '2025-05-25 08:00:00', '2025-05-25 08:00:00', 23, 4, 23, 23, 23, 23, 23, 23, 1),
    (N'MA054', N'Nike Air Max 1', 350, '1234567890154', 950000, N'Mô tả sản phẩm Nike Air Max 1', 620, '2025-06-05 08:00:00', 'admin', 'admin', '2025-06-05 08:00:00', '2025-06-05 08:00:00', 24, 5, 24, 24, 24, 24, 24, 24, 1),
    (N'MA055', N'Puma RS', 360, '1234567890155', 760000, N'Mô tả sản phẩm Puma RS', 630, '2025-06-15 08:00:00', 'admin', 'admin', '2025-06-15 08:00:00', '2025-06-15 08:00:00', 25, 5, 25, 25, 25, 25, 25, 25, 1),
    (N'MA056', N'Nike Air VaporMax', 370, '1234567890156', 940000, N'Mô tả sản phẩm Nike Air VaporMax', 640, '2025-06-25 08:00:00', 'admin', 'admin', '2025-06-25 08:00:00', '2025-06-25 08:00:00', 26, 6, 26, 26, 26, 26, 26, 26, 1),
    (N'MA057', N'Puma Clyde Court', 380, '1234567890157', 850000, N'Mô tả sản phẩm Puma Clyde Court', 650, '2025-07-05 08:00:00', 'admin', 'admin', '2025-07-05 08:00:00', '2025-07-05 08:00:00', 27, 7, 27, 27, 27, 27, 27, 27, 1),
    (N'MA058', N'Nike Air Force 1 Low', 390, '1234567890158', 900000, N'Mô tả sản phẩm Nike Air Force 1 Low', 660, '2025-07-15 08:00:00', 'admin', 'admin', '2025-07-15 08:00:00', '2025-07-15 08:00:00', 28, 8, 28, 28, 28, 28, 28, 28, 1),
    (N'MA059', N'Puma Smash', 400, '1234567890159', 720000, N'Mô tả sản phẩm Puma Smash', 670, '2025-07-25 08:00:00', 'admin', 'admin', '2025-07-25 08:00:00', '2025-07-25 08:00:00', 29, 9, 29, 29, 29, 29, 29, 29, 1),
    (N'MA060', N'Nike Air Max 720', 410, '1234567890160', 950000, N'Mô tả sản phẩm Nike Air Max 720', 680, '2025-08-05 08:00:00', 'admin', 'admin', '2025-08-05 08:00:00', '2025-08-05 08:00:00', 30, 10, 30, 30, 30, 30, 30, 30, 1),
	 (N'MA061', N'Nike Air Max 90', 300, '1234567890131', 850000, N'Mô tả sản phẩm Nike Air Max 90', 350, '2025-01-01 08:00:00', 'admin', 'admin', '2025-01-01 08:00:00', '2025-01-01 08:00:00', 1, 1, 1, 1, 1, 1, 1, 1, 1),
    (N'MA062', N'Nike Air Force 1', 320, '1234567890132', 900000, N'Mô tả sản phẩm Nike Air Force 1', 370, '2025-02-01 08:00:00', 'admin', 'admin', '2025-02-01 08:00:00', '2025-02-01 08:00:00', 2, 2, 2, 2, 2, 2, 2, 2, 1),
    (N'MA063', N'Nike React Element 55', 340, '1234567890133', 950000, N'Mô tả sản phẩm Nike React Element 55', 390, '2025-03-01 08:00:00', 'admin', 'admin', '2025-03-01 08:00:00', '2025-03-01 08:00:00', 3, 3, 3, 3, 3, 3, 3, 3, 1),
    (N'MA064', N'Nike Air Vapormax', 360, '1234567890134', 1000000, N'Mô tả sản phẩm Nike Air Vapormax', 410, '2025-04-01 08:00:00', 'admin', 'admin', '2025-04-01 08:00:00', '2025-04-01 08:00:00', 4, 4, 4, 4, 4, 4, 4, 4, 1),
    (N'MA065', N'Nike SB Dunk Low', 380, '1234567890135', 1100000, N'Mô tả sản phẩm Nike SB Dunk Low', 430, '2025-05-01 08:00:00', 'admin', 'admin', '2025-05-01 08:00:00', '2025-05-01 08:00:00', 5, 5, 5, 5, 5, 5, 5, 5, 1),
    (N'MA066', N'Puma RS-X³', 400, '1234567890136', 800000, N'Mô tả sản phẩm Puma RS-X³', 350, '2025-06-01 08:00:00', 'admin', 'admin', '2025-06-01 08:00:00', '2025-06-01 08:00:00', 6, 6, 6, 6, 6, 6, 6, 6, 1),
    (N'MA067', N'Puma Future Rider', 420, '1234567890137', 850000, N'Mô tả sản phẩm Puma Future Rider', 370, '2025-07-01 08:00:00', 'admin', 'admin', '2025-07-01 08:00:00', '2025-07-01 08:00:00', 7, 7, 7, 7, 7, 7, 7, 7, 1),
    (N'MA068', N'Puma Cell Alien', 440, '1234567890138', 880000, N'Mô tả sản phẩm Puma Cell Alien', 390, '2025-08-01 08:00:00', 'admin', 'admin', '2025-08-01 08:00:00', '2025-08-01 08:00:00', 8, 8, 8, 8, 8, 8, 8, 8, 1),
    (N'MA069', N'Puma Clyde', 460, '1234567890139', 920000, N'Mô tả sản phẩm Puma Clyde', 410, '2025-09-01 08:00:00', 'admin', 'admin', '2025-09-01 08:00:00', '2025-09-01 08:00:00', 9, 9, 9, 9, 9, 9, 9, 9, 1),
    (N'MA070', N'Puma Thunder Spectra', 480, '1234567890140', 950000, N'Mô tả sản phẩm Puma Thunder Spectra', 430, '2025-10-01 08:00:00', 'admin', 'admin', '2025-10-01 08:00:00', '2025-10-01 08:00:00', 10, 10, 10, 10, 10, 10, 10, 10, 1),
    (N'MA071', N'Puma Suede Classic', 500, '1234567890141', 850000, N'Mô tả sản phẩm Puma Suede Classic', 450, '2025-11-01 08:00:00', 'admin', 'admin', '2025-11-01 08:00:00', '2025-11-01 08:00:00', 11, 11, 11, 11, 11, 11, 11, 11, 1),
    (N'MA072', N'Puma X-RAY', 520, '1234567890142', 870000, N'Mô tả sản phẩm Puma X-RAY', 470, '2025-12-01 08:00:00', 'admin', 'admin', '2025-12-01 08:00:00', '2025-12-01 08:00:00', 12, 12, 12, 12, 12, 12, 12, 12, 1),
    (N'MA073', N'Puma Wild Rider', 540, '1234567890143', 890000, N'Mô tả sản phẩm Puma Wild Rider', 490, '2026-01-01 08:00:00', 'admin', 'admin', '2026-01-01 08:00:00', '2026-01-01 08:00:00', 13, 13, 13, 13, 13, 13, 13, 13, 1),
    (N'MA074', N'Puma RS-Fast', 560, '1234567890144', 910000, N'Mô tả sản phẩm Puma RS-Fast', 510, '2026-02-01 08:00:00', 'admin', 'admin', '2026-02-01 08:00:00', '2026-02-01 08:00:00', 14, 14, 14, 14, 14, 14, 14, 14, 1),
    (N'MA075', N'Puma Enzo', 580, '1234567890145', 930000, N'Mô tả sản phẩm Puma Enzo', 530, '2026-03-01 08:00:00', 'admin', 'admin', '2026-03-01 08:00:00', '2026-03-01 08:00:00', 15, 15, 15, 15, 15, 15, 15, 15, 1),
    (N'MA076', N'Puma BMW MMS Drift Cat 5', 600, '1234567890146', 950000, N'Mô tả sản phẩm Puma BMW MMS Drift Cat 5', 550, '2026-04-01 08:00:00', 'admin', 'admin', '2026-04-01 08:00:00', '2026-04-01 08:00:00', 16, 16, 16, 16, 16, 16, 16, 16, 1),
    (N'MA077', N'Puma Ferrari Drift Cat 7', 620, '1234567890147', 970000, N'Mô tả sản phẩm Puma Ferrari Drift Cat 7', 570, '2026-05-01 08:00:00', 'admin', 'admin', '2026-05-01 08:00:00', '2026-05-01 08:00:00', 17, 17, 17, 17, 17, 17, 17, 17, 1),
    (N'MA078', N'Puma Basket Classic', 640, '1234567890148', 990000, N'Mô tả sản phẩm Puma Basket Classic', 590, '2026-06-01 08:00:00', 'admin', 'admin', '2026-06-01 08:00:00', '2026-06-01 08:00:00', 18, 18, 18, 18, 18, 18, 18, 18, 1),
    (N'MA079', N'Puma LQDCELL', 660, '1234567890149', 1010000, N'Mô tả sản phẩm Puma LQDCELL', 610, '2026-07-01 08:00:00', 'admin', 'admin', '2026-07-01 08:00:00', '2026-07-01 08:00:00', 19, 19, 19, 19, 19, 19, 19, 19, 1),
    (N'MA080', N'Puma RS-X Toys', 680, '1234567890150', 1030000, N'Mô tả sản phẩm Puma RS-X Toys', 630, '2026-08-01 08:00:00', 'admin', 'admin', '2026-08-01 08:00:00', '2026-08-01 08:00:00', 20, 1, 20, 20, 20, 20, 20, 20, 1),
    (N'MA081', N'Puma RS-X Reinvent', 700, '1234567890151', 1050000, N'Mô tả sản phẩm Puma RS-X Reinvent', 650, '2026-09-01 08:00:00', 'admin', 'admin', '2026-09-01 08:00:00', '2026-09-01 08:00:00', 21, 2, 21, 21, 21, 21, 21, 21, 1),
    (N'MA082', N'Puma RS-X Softcase', 720, '1234567890152', 1070000, N'Mô tả sản phẩm Puma RS-X Softcase', 670, '2026-10-01 08:00:00', 'admin', 'admin', '2026-10-01 08:00:00', '2026-10-01 08:00:00', 22, 3, 22, 22, 22, 22, 22, 22, 1),
    (N'MA083', N'Puma RS-X Tracks', 740, '1234567890153', 1090000, N'Mô tả sản phẩm Puma RS-X Tracks', 690, '2026-11-01 08:00:00', 'admin', 'admin', '2026-11-01 08:00:00', '2026-11-01 08:00:00', 23, 4, 23, 23, 23, 23, 23, 23, 1),
    (N'MA084', N'Puma RS-X Energy', 760, '1234567890154', 1110000, N'Mô tả sản phẩm Puma RS-X Energy', 710, '2026-12-01 08:00:00', 'admin', 'admin', '2026-12-01 08:00:00', '2026-12-01 08:00:00', 24, 5, 24, 24, 24, 24, 24, 24, 1),
    (N'MA085', N'Puma RS-X Racer', 780, '1234567890155', 1130000, N'Mô tả sản phẩm Puma RS-X Racer', 730, '2027-01-01 08:00:00', 'admin', 'admin', '2027-01-01 08:00:00', '2027-01-01 08:00:00', 25, 6, 25, 25, 25, 25, 25, 25, 1),
    (N'MA086', N'Puma RS-X Custom', 800, '1234567890156', 1150000, N'Mô tả sản phẩm Puma RS-X Custom', 750, '2027-02-01 08:00:00', 'admin', 'admin', '2027-02-01 08:00:00', '2027-02-01 08:00:00', 26, 7, 26, 26, 26, 26, 26, 26, 1),
    (N'MA087', N'Puma RS-X Premium', 820, '1234567890157', 1170000, N'Mô tả sản phẩm Puma RS-X Premium', 770, '2027-03-01 08:00:00', 'admin', 'admin', '2027-03-01 08:00:00', '2027-03-01 08:00:00', 27, 8, 27, 27, 27, 27, 27, 27, 1),
    (N'MA088', N'Puma RS-X Original', 840, '1234567890158', 1190000, N'Mô tả sản phẩm Puma RS-X Original', 790, '2027-04-01 08:00:00', 'admin', 'admin', '2027-04-01 08:00:00', '2027-04-01 08:00:00', 28, 9, 28, 28, 28, 28, 28, 28, 1),
    (N'MA089', N'Puma RS-X Limitless', 860, '1234567890159', 1210000, N'Mô tả sản phẩm Puma RS-X Limitless', 810, '2027-05-01 08:00:00', 'admin', 'admin', '2027-05-01 08:00:00', '2027-05-01 08:00:00', 29, 10, 29, 29, 29, 29, 29, 29, 1),
    (N'MA090', N'Puma RS-X Fade', 880, '1234567890160', 1230000, N'Mô tả sản phẩm Puma RS-X Fade', 830, '2027-06-01 08:00:00', 'admin', 'admin', '2027-06-01 08:00:00', '2027-06-01 08:00:00', 30, 11, 30, 30, 30, 30, 30, 30, 1),
	(N'MA091', N'Nike Air Max 270', 100, '1234567890161', 860000, N'Mô tả sản phẩm Nike Air Max 270', 350, '2027-07-01 08:00:00', 'admin', 'admin', '2027-07-01 08:00:00', '2027-07-01 08:00:00', 1, 1, 1, 1, 1, 1, 1, 1, 1),
    (N'MA092', N'Nike Air Max 95', 110, '1234567890162', 870000, N'Mô tả sản phẩm Nike Air Max 95', 360, '2027-08-01 08:00:00', 'admin', 'admin', '2027-08-01 08:00:00', '2027-08-01 08:00:00', 2, 2, 2, 2, 2, 2, 2, 2, 1),
    (N'MA093', N'Nike Air Max 97', 120, '1234567890163', 880000, N'Mô tả sản phẩm Nike Air Max 97', 370, '2027-09-01 08:00:00', 'admin', 'admin', '2027-09-01 08:00:00', '2027-09-01 08:00:00', 3, 3, 3, 3, 3, 3, 3, 3, 1),
    (N'MA094', N'Nike Air Max 2021', 130, '1234567890164', 890000, N'Mô tả sản phẩm Nike Air Max 2021', 380, '2027-10-01 08:00:00', 'admin', 'admin', '2027-10-01 08:00:00', '2027-10-01 08:00:00', 4, 4, 4, 4, 4, 4, 4, 4, 1),
    (N'MA095', N'Nike Air Max 2022', 140, '1234567890165', 900000, N'Mô tả sản phẩm Nike Air Max 2022', 390, '2027-11-01 08:00:00', 'admin', 'admin', '2027-11-01 08:00:00', '2027-11-01 08:00:00', 5, 5, 5, 5, 5, 5, 5, 5, 1),
    (N'MA096', N'Puma Future Rider Sport', 150, '1234567890166', 810000, N'Mô tả sản phẩm Puma Future Rider Sport', 350, '2027-12-01 08:00:00', 'admin', 'admin', '2027-12-01 08:00:00', '2027-12-01 08:00:00', 6, 6, 6, 6, 6, 6, 6, 6, 1),
    (N'MA097', N'Puma RS-X Turbo', 160, '1234567890167', 830000, N'Mô tả sản phẩm Puma RS-X Turbo', 370, '2028-01-01 08:00:00', 'admin', 'admin', '2028-01-01 08:00:00', '2028-01-01 08:00:00', 7, 7, 7, 7, 7, 7, 7, 7, 1),
    (N'MA098', N'Puma RS-X 3', 170, '1234567890168', 850000, N'Mô tả sản phẩm Puma RS-X 3', 390, '2028-02-01 08:00:00', 'admin', 'admin', '2028-02-01 08:00:00', '2028-02-01 08:00:00', 8, 8, 8, 8, 8, 8, 8, 8, 1),
    (N'MA099', N'Puma RS-X Lights', 180, '1234567890169', 870000, N'Mô tả sản phẩm Puma RS-X Lights', 410, '2028-03-01 08:00:00', 'admin', 'admin', '2028-03-01 08:00:00', '2028-03-01 08:00:00', 9, 9, 9, 9, 9, 9, 9, 9, 1),
    (N'MA100', N'Puma RS-X Edge', 190, '1234567890170', 890000, N'Mô tả sản phẩm Puma RS-X Edge', 430, '2028-04-01 08:00:00', 'admin', 'admin', '2028-04-01 08:00:00', '2028-04-01 08:00:00', 10, 10, 10, 10, 10, 10, 10, 10, 1),
    (N'MA101', N'Puma RS-X Mesh', 200, '1234567890171', 910000, N'Mô tả sản phẩm Puma RS-X Mesh', 450, '2028-05-01 08:00:00', 'admin', 'admin', '2028-05-01 08:00:00', '2028-05-01 08:00:00', 11, 11, 11, 11, 11, 11, 11, 11, 1),
    (N'MA102', N'Puma RS-X Stitch', 210, '1234567890172', 930000, N'Mô tả sản phẩm Puma RS-X Stitch', 470, '2028-06-01 08:00:00', 'admin', 'admin', '2028-06-01 08:00:00', '2028-06-01 08:00:00', 12, 12, 12, 12, 12, 12, 12, 12, 1),
    (N'MA103', N'Puma RS-X Reflection', 220, '1234567890173', 950000, N'Mô tả sản phẩm Puma RS-X Reflection', 490, '2028-07-01 08:00:00', 'admin', 'admin', '2028-07-01 08:00:00', '2028-07-01 08:00:00', 13, 13, 13, 13, 13, 13, 13, 13, 1),
    (N'MA104', N'Puma RS-X Pattern', 230, '1234567890174', 970000, N'Mô tả sản phẩm Puma RS-X Pattern', 510, '2028-08-01 08:00:00', 'admin', 'admin', '2028-08-01 08:00:00', '2028-08-01 08:00:00', 14, 14, 14, 14, 14, 14, 14, 14, 1),
    (N'MA105', N'Puma RS-X Utility', 240, '1234567890175', 990000, N'Mô tả sản phẩm Puma RS-X Utility', 530, '2028-09-01 08:00:00', 'admin', 'admin', '2028-09-01 08:00:00', '2028-09-01 08:00:00', 15, 15, 15, 15, 15, 15, 15, 15, 1),
    (N'MA106', N'Puma RS-X Advance', 250, '1234567890176', 1010000, N'Mô tả sản phẩm Puma RS-X Advance', 550, '2028-10-01 08:00:00', 'admin', 'admin', '2028-10-01 08:00:00', '2028-10-01 08:00:00', 16, 16, 16, 16, 16, 16, 16, 16, 1),
    (N'MA107', N'Puma RS-X Flex', 260, '1234567890177', 1030000, N'Mô tả sản phẩm Puma RS-X Flex', 570, '2028-11-01 08:00:00', 'admin', 'admin', '2028-11-01 08:00:00', '2028-11-01 08:00:00', 17, 17, 17, 17, 17, 17, 17, 17, 1),
    (N'MA108', N'Puma RS-X Graph', 270, '1234567890178', 1050000, N'Mô tả sản phẩm Puma RS-X Graph', 590, '2028-12-01 08:00:00', 'admin', 'admin', '2028-12-01 08:00:00', '2028-12-01 08:00:00', 18, 18, 18, 18, 18, 18, 18, 18, 1),
    (N'MA109', N'Puma RS-X Drive', 280, '1234567890179', 1070000, N'Mô tả sản phẩm Puma RS-X Drive', 610, '2029-01-01 08:00:00', 'admin', 'admin', '2029-01-01 08:00:00', '2029-01-01 08:00:00', 19, 19, 19, 19, 19, 19, 19, 19, 1),
    (N'MA110', N'Puma RS-X Revive', 290, '1234567890180', 1090000, N'Mô tả sản phẩm Puma RS-X Revive', 630, '2029-02-01 08:00:00', 'admin', 'admin', '2029-02-01 08:00:00', '2029-02-01 08:00:00', 20, 1, 20, 20, 20, 20, 20, 20, 1),
    (N'MA111', N'Puma RS-X Boost', 300, '1234567890181', 1110000, N'Mô tả sản phẩm Puma RS-X Boost', 650, '2029-03-01 08:00:00', 'admin', 'admin', '2029-03-01 08:00:00', '2029-03-01 08:00:00', 21, 2, 21, 21, 21, 21, 21, 21, 1),
    (N'MA112', N'Puma RS-X Precision', 310, '1234567890182', 1130000, N'Mô tả sản phẩm Puma RS-X Precision', 670, '2029-04-01 08:00:00', 'admin', 'admin', '2029-04-01 08:00:00', '2029-04-01 08:00:00', 22, 3, 22, 22, 22, 22, 22, 22, 1),
    (N'MA113', N'Puma RS-X Impact', 320, '1234567890183', 1150000, N'Mô tả sản phẩm Puma RS-X Impact', 690, '2029-05-01 08:00:00', 'admin', 'admin', '2029-05-01 08:00:00', '2029-05-01 08:00:00', 23, 4, 23, 23, 23, 23, 23, 23, 1),
    (N'MA114', N'Puma RS-X Legend', 330, '1234567890184', 1170000, N'Mô tả sản phẩm Puma RS-X Legend', 710, '2029-06-01 08:00:00', 'admin', 'admin', '2029-06-01 08:00:00', '2029-06-01 08:00:00', 24, 5, 24, 24, 24, 24, 24, 24, 1),
    (N'MA115', N'Puma RS-X Master', 340, '1234567890185', 1190000, N'Mô tả sản phẩm Puma RS-X Master', 730, '2029-07-01 08:00:00', 'admin', 'admin', '2029-07-01 08:00:00', '2029-07-01 08:00:00', 25, 6, 25, 25, 25, 25, 25, 25, 1),
    (N'MA116', N'Puma RS-X Pro', 350, '1234567890186', 1210000, N'Mô tả sản phẩm Puma RS-X Pro', 750, '2029-08-01 08:00:00', 'admin', 'admin', '2029-08-01 08:00:00', '2029-08-01 08:00:00', 26, 7, 26, 26, 26, 26, 26, 26, 1),
    (N'MA117', N'Puma RS-X Vision', 360, '1234567890187', 1230000, N'Mô tả sản phẩm Puma RS-X Vision', 770, '2029-09-01 08:00:00', 'admin', 'admin', '2029-09-01 08:00:00', '2029-09-01 08:00:00', 27, 8, 27, 27, 27, 27, 27, 27, 1),
    (N'MA118', N'Puma RS-X Wave', 370, '1234567890188', 1250000, N'Mô tả sản phẩm Puma RS-X Wave', 790, '2029-10-01 08:00:00', 'admin', 'admin', '2029-10-01 08:00:00', '2029-10-01 08:00:00', 28, 9, 28, 28, 28, 28, 28, 28, 1),
    (N'MA119', N'Puma RS-X Echo', 380, '1234567890189', 1270000, N'Mô tả sản phẩm Puma RS-X Echo', 810, '2029-11-01 08:00:00', 'admin', 'admin', '2029-11-01 08:00:00', '2029-11-01 08:00:00', 29, 10, 29, 29, 29, 29, 29, 29, 1),
    (N'MA120', N'Puma RS-X Surge', 390, '1234567890190', 1290000, N'Mô tả sản phẩm Puma RS-X Surge', 830, '2029-12-01 08:00:00', 'admin', 'admin', '2029-12-01 08:00:00', '2029-12-01 08:00:00', 30, 11, 30, 30, 30, 30, 30, 30, 1);
   

----------------------------------------------------------------------------------------------------------------------------------------



-- Hóa Đơn 30 dữ liệu ----------------------------------------------------------------------------------------------------------------------------------------

INSERT INTO [dbo].[hoa_don] 
    ([ma], [loai], [ngayTao], [ngayCapNhat], [nguoiTao], [nguoiCapNhat], [ngayGiaoHang], [ngayThanhToan], [ngayNhan], [tongTien], [tienShip], [tongTienSauGiam], [nguoiNhan], [sdtNguoiNhan], [diaChiNguoiNhan], [ghiChu], [idPhieuGiamGia], [idNhanVien], [idKhachHang], [trangThai])
VALUES
    ('HD001', 1, '2024-07-15', '2024-07-15', 'admin', 'admin', '2024-07-16', '2024-07-17', '2024-07-18', 1000, 50, 950, N'Nguyễn Văn A', '0987654321', N'Ngõ 48 Văn Trì, Minh Khai, Bắc Từ Liêm, Hà Nội', 'Notes for order 1', 1, 1, 1, 6),
    ('HD002', 1, '2024-07-16', '2024-07-16', 'admin', 'admin', '2024-07-17', '2024-07-18', '2024-07-19', 1500, 75, 1425, N'Nguyễn Thị B', '0987654322', N'12 Ngõ Trạm, Hoàn Kiếm, Hà Nội', 'Notes for order 2', 2, 2, 2, 2),
    ('HD003', 1, '2024-07-17', '2024-07-17', 'admin', 'admin', '2024-07-18', '2024-07-19', '2024-07-20', 2000, 100, 1900, N'Nguyễn Văn C', '0987654323', N'15 Giải Phóng, Hai Bà Trưng, Hà Nội', 'Notes for order 3', 3, 3, 3, 3),
    ('HD004', 1, '2024-07-18', '2024-07-18', 'admin', 'admin', '2024-07-19', '2024-07-20', '2024-07-21', 2500, 125, 2375, N'Nguyễn Thị D', '0987654324', N'20 Cầu Giấy, Cầu Giấy, Hà Nội', 'Notes for order 4', 4, 4, 4, 6),
    ('HD005', 1, '2024-07-19', '2024-07-19', 'admin', 'admin', '2024-07-20', '2024-07-21', '2024-07-22', 3000, 150, 2850, N'Nguyễn Văn E', '0987654325', N'25 Nguyễn Chí Thanh, Đống Đa, Hà Nội', 'Notes for order 5', 5, 5, 5, 1),
    ('HD006', 1, '2024-07-20', '2024-07-20', 'admin', 'admin', '2024-07-21', '2024-07-22', '2024-07-23', 3500, 175, 3325, N'Nguyễn Thị F', '0987654326', N'30 Hoàng Diệu, Ba Đình, Hà Nội', 'Notes for order 6', 6, 6, 6, 1),
    ('HD007', 1, '2024-07-21', '2024-07-21', 'admin', 'admin', '2024-07-22', '2024-07-23', '2024-07-24', 4000, 200, 3800, N'Nguyễn Văn G', '0987654327', N'35 Láng Hạ, Đống Đa, Hà Nội', 'Notes for order 7', 7, 7, 7, 1),
    ('HD008', 1, '2024-07-22', '2024-07-22', 'admin', 'admin', '2024-07-23', '2024-07-24', '2024-07-25', 4500, 225, 4275, N'Nguyễn Thị H', '0987654328', N'40 Trần Hưng Đạo, Hoàn Kiếm, Hà Nội', 'Notes for order 8', 7, 8, 8, 1),
    ('HD009', 1, '2024-07-23', '2024-07-23', 'admin', 'admin', '2024-07-24', '2024-07-25', '2024-07-26', 5000, 250, 4750, N'Nguyễn Văn I', '0987654329', N'45 Kim Mã, Ba Đình, Hà Nội', 'Notes for order 9', 8, 9, 9, 1),
    ('HD010', 1, '2024-07-24', '2024-07-24', 'admin', 'admin', '2024-07-25', '2024-07-26', '2024-07-27', 5500, 275, 5225, N'Nguyễn Thị J', '0987654330', N'50 Lê Văn Lương, Thanh Xuân, Hà Nội', 'Notes for order 10', 9, 10, 10, 1),
    ('HD011', 1, '2024-07-25', '2024-07-25', 'admin', 'admin', '2024-07-26', '2024-07-27', '2024-07-28', 6000, 300, 5700, N'Nguyễn Văn K', '0987654331', N'55 Trung Kính, Cầu Giấy, Hà Nội', 'Notes for order 11', 1, 11, 11, 1),
    ('HD012', 1, '2024-07-26', '2024-07-26', 'admin', 'admin', '2024-07-27', '2024-07-28', '2024-07-29', 6500, 325, 6175, N'Nguyễn Thị L', '0987654332', N'60 Xuân Thủy, Cầu Giấy, Hà Nội', 'Notes for order 12', 2, 12, 12, 1),
    ('HD013', 1, '2024-07-27', '2024-07-27', 'admin', 'admin', '2024-07-28', '2024-07-29', '2024-07-30', 7000, 350, 6650, N'Nguyễn Văn M', '0987654333', N'65 Hoàng Hoa Thám, Ba Đình, Hà Nội', 'Notes for order 13', 3, 13, 13, 1),
    ('HD014', 1, '2024-07-28', '2024-07-28', 'admin', 'admin', '2024-07-29', '2024-07-30', '2024-07-31', 7500, 375, 7125, N'Nguyễn Thị N', '0987654334', N'70 Nguyễn Trãi, Thanh Xuân, Hà Nội', 'Notes for order 14', 3, 14, 14, 6),
    ('HD015', 1, '2024-07-29', '2024-07-29', 'admin', 'admin', '2024-07-30', '2024-07-31', '2024-08-01', 8000, 400, 7600, N'Nguyễn Văn O', '0987654335', N'75 Tây Sơn, Đống Đa, Hà Nội', 'Notes for order 15', 4, 15, 15, 1),
    ('HD016', 1, '2024-07-30', '2024-07-30', 'admin', 'admin', '2024-07-31', '2024-08-01', '2024-08-02', 8500, 425, 8075, N'Nguyễn Thị P', '0987654336', N'80 Tôn Đức Thắng, Đống Đa, Hà Nội', 'Notes for order 16', 4, 16, 16, 1),
    ('HD017', 1, '2024-07-31', '2024-07-31', 'admin', 'admin', '2024-08-01', '2024-08-02', '2024-08-03', 9000, 450, 8550, N'Nguyễn Văn Q', '0987654337', N'85 Chùa Bộc, Đống Đa, Hà Nội', 'Notes for order 17', 5, 17, 17, 1),
    ('HD018', 1, '2024-08-01', '2024-08-01', 'admin', 'admin', '2024-08-02', '2024-08-03', '2024-08-04', 9500, 475, 9025, N'Nguyễn Thị R', '0987654338', N'90 Hàng Bài, Hoàn Kiếm, Hà Nội', 'Notes for order 18', 5, 18, 18, 4),
    ('HD019', 1, '2024-08-02', '2024-08-02', 'admin', 'admin', '2024-08-03', '2024-08-04', '2024-08-05', 10000, 500, 9500, N'Nguyễn Văn S', '0987654339', N'95 Hàng Bông, Hoàn Kiếm, Hà Nội', 'Notes for order 19', 6, 19, 19, 1),
    ('HD020', 1, '2024-08-03', '2024-08-03', 'admin', 'admin', '2024-08-04', '2024-08-05', '2024-08-06', 10500, 525, 9975, N'Nguyễn Thị T', '0987654340', N'100 Hàng Cót, Hoàn Kiếm, Hà Nội', 'Notes for order 20', 6, 20, 20, 1),
    ('HD021', 1, '2024-08-04', '2024-08-04', 'admin', 'admin', '2024-08-05', '2024-08-06', '2024-08-07', 11000, 550, 10450, N'Nguyễn Văn U', '0987654341', N'105 Hàng Da, Hoàn Kiếm, Hà Nội', 'Notes for order 21', 7, 21, 21, 3),
    ('HD022', 1, '2024-08-05', '2024-08-05', 'admin', 'admin', '2024-08-06', '2024-08-07', '2024-08-08', 11500, 575, 10925, N'Nguyễn Thị V', '0987654342', N'110 Hàng Gai, Hoàn Kiếm, Hà Nội', 'Notes for order 22', 7, 22, 22, 1),
    ('HD023', 1, '2024-08-06', '2024-08-06', 'admin', 'admin', '2024-08-07', '2024-08-08', '2024-08-09', 12000, 600, 11400, N'Nguyễn Văn W', '0987654343', N'115 Hàng Mã, Hoàn Kiếm, Hà Nội', 'Notes for order 23', 8, 23, 23, 1),
    ('HD024', 1, '2024-08-07', '2024-08-07', 'admin', 'admin', '2024-08-08', '2024-08-09', '2024-08-10', 12500, 625, 11875, N'Nguyễn Thị X', '0987654344', N'120 Hàng Than, Hoàn Kiếm, Hà Nội', 'Notes for order 24', 8, 24, 24, 1),
    ('HD025', 1, '2024-08-08', '2024-08-08', 'admin', 'admin', '2024-08-09', '2024-08-10', '2024-08-11', 13000, 650, 12350, N'Nguyễn Văn Y', '0987654345', N'125 Hàng Tre, Hoàn Kiếm, Hà Nội', 'Notes for order 25', 9, 25, 25, 4),
    ('HD026', 1, '2024-08-09', '2024-08-09', 'admin', 'admin', '2024-08-10', '2024-08-11', '2024-08-12', 13500, 675, 12825, N'Nguyễn Thị Z', '0987654346', N'130 Hàng Vải, Hoàn Kiếm, Hà Nội', 'Notes for order 26', 9, 26, 26, 7),
    ('HD027', 1, '2024-08-10', '2024-08-10', 'admin', 'admin', '2024-08-11', '2024-08-12', '2024-08-13', 14000, 700, 13300, N'Nguyễn Văn AA', '0987654347', N'135 Hàng Muối, Hoàn Kiếm, Hà Nội', 'Notes for order 27', 10, 27, 27, 1),
    ('HD028', 1, '2024-08-11', '2024-08-11', 'admin', 'admin', '2024-08-12', '2024-08-13', '2024-08-14', 14500, 725, 13775, N'Nguyễn Thị BB', '0987654348', N'140 Hàng Điếu, Hoàn Kiếm, Hà Nội', 'Notes for order 28', 10, 28, 28, 4),
    ('HD029', 1, '2024-08-12', '2024-08-12', 'admin', 'admin', '2024-08-13', '2024-08-14', '2024-08-15', 15000, 750, 14250, N'Nguyễn Văn CC', '0987654349', N'145 Hàng Đồng, Hoàn Kiếm, Hà Nội', 'Notes for order 29', 1, 29, 29, 1),
    ('HD030', 1, '2024-08-13', '2024-08-13', 'admin', 'admin', '2024-08-14', '2024-08-15', '2024-08-16', 15500, 775, 14725, N'Nguyễn Thị DD', '0987654350', N'150 Hàng Quạt, Hoàn Kiếm, Hà Nội', 'Notes for order 30', 1, 30, 30, 2);

----------------------------------------------------------------------------------------------------------------------------------------



-- Lịch sử hóa đơn 60 dữ liệu ----------------------------------------------------------------------------------------------------------------------------------------

INSERT INTO [dbo].[lich_su_hoa_don] (
    [idHoaDon], [ghiChu], [nguoiTao], [nguoiCapNhat], [ngayTao], [ngayCapNhat], [hanhDong], [trangThai]
) VALUES
    (1, 'Xác nhận đơn hàng', 'admin', 'admin', '2024-05-01 08:00:00', '2024-05-01 08:00:00', 1, 1),
    (2, 'Xác nhận đơn hàng', 'admin', 'admin', '2024-05-02 08:00:00', '2024-05-02 08:00:00', 1, 1),
    (3, 'Xác nhận đơn hàng', 'admin', 'admin', '2024-05-03 08:00:00', '2024-05-03 08:00:00', 1, 1),
    (4, 'Xác nhận đơn hàng', 'admin', 'admin', '2024-05-04 08:00:00', '2024-05-04 08:00:00', 1, 1),
    (5, 'Xác nhận đơn hàng', 'admin', 'admin', '2024-05-05 08:00:00', '2024-05-05 08:00:00', 1, 1),
    (6, 'Xác nhận đơn hàng', 'admin', 'admin', '2024-05-06 08:00:00', '2024-05-06 08:00:00', 1, 1),
    (7, 'Xác nhận đơn hàng', 'admin', 'admin', '2024-05-07 08:00:00', '2024-05-07 08:00:00', 1, 1),
    (8, 'Xác nhận đơn hàng', 'admin', 'admin', '2024-05-08 08:00:00', '2024-05-08 08:00:00', 1, 1),
    (9, 'Xác nhận đơn hàng', 'admin', 'admin', '2024-05-09 08:00:00', '2024-05-09 08:00:00', 1, 1),
    (10, 'Xác nhận đơn hàng', 'admin', 'admin', '2024-05-10 08:00:00', '2024-05-10 08:00:00', 1, 1),
    (11, 'Xác nhận đơn hàng', 'admin', 'admin', '2024-05-11 08:00:00', '2024-05-11 08:00:00', 1, 1),
    (12, 'Xác nhận đơn hàng', 'admin', 'admin', '2024-05-12 08:00:00', '2024-05-12 08:00:00', 1, 1),
    (13, 'Xác nhận đơn hàng', 'admin', 'admin', '2024-05-13 08:00:00', '2024-05-13 08:00:00', 1, 1),
    (14, 'Xác nhận đơn hàng', 'admin', 'admin', '2024-05-14 08:00:00', '2024-05-14 08:00:00', 1, 1),
    (15, 'Xác nhận đơn hàng', 'admin', 'admin', '2024-05-15 08:00:00', '2024-05-15 08:00:00', 1, 1),
    (16, 'Xác nhận đơn hàng', 'admin', 'admin', '2024-05-16 08:00:00', '2024-05-16 08:00:00', 1, 1),
    (17, 'Xác nhận đơn hàng', 'admin', 'admin', '2024-05-17 08:00:00', '2024-05-17 08:00:00', 1, 1),
    (18, 'Xác nhận đơn hàng', 'admin', 'admin', '2024-05-18 08:00:00', '2024-05-18 08:00:00', 1, 1),
    (19, 'Xác nhận đơn hàng', 'admin', 'admin', '2024-05-19 08:00:00', '2024-05-19 08:00:00', 1, 1),
    (20, 'Xác nhận đơn hàng', 'admin', 'admin', '2024-05-20 08:00:00', '2024-05-20 08:00:00', 1, 1),
    (21, 'Xác nhận đơn hàng', 'admin', 'admin', '2024-05-21 08:00:00', '2024-05-21 08:00:00', 1, 1),
    (22, 'Xác nhận đơn hàng', 'admin', 'admin', '2024-05-22 08:00:00', '2024-05-22 08:00:00', 1, 1),
    (23, 'Xác nhận đơn hàng', 'admin', 'admin', '2024-05-23 08:00:00', '2024-05-23 08:00:00', 1, 1),
    (24, 'Xác nhận đơn hàng', 'admin', 'admin', '2024-05-24 08:00:00', '2024-05-24 08:00:00', 1, 1),
    (25, 'Xác nhận đơn hàng', 'admin', 'admin', '2024-05-25 08:00:00', '2024-05-25 08:00:00', 1, 1),
    (26, 'Xác nhận đơn hàng', 'admin', 'admin', '2024-05-26 08:00:00', '2024-05-26 08:00:00', 1, 1),
    (27, 'Xác nhận đơn hàng', 'admin', 'admin', '2024-05-27 08:00:00', '2024-05-27 08:00:00', 1, 1),
    (28, 'Xác nhận đơn hàng', 'admin', 'admin', '2024-05-28 08:00:00', '2024-05-28 08:00:00', 1, 1),
    (29, 'Xác nhận đơn hàng', 'admin', 'admin', '2024-05-29 08:00:00', '2024-05-29 08:00:00', 1, 1),
    (30, 'Xác nhận đơn hàng', 'admin', 'admin', '2024-05-30 08:00:00', '2024-05-30 08:00:00', 1, 1),
	(1, 'Xác nhận đơn hàng', 'admin', 'admin', '2024-06-01 08:00:00', '2024-06-01 08:00:00', 2, 1),
    (1, 'Xác nhận đơn hàng', 'admin', 'admin', '2024-06-02 08:00:00', '2024-06-02 08:00:00', 3, 1),
    (1, 'Xác nhận đơn hàng', 'admin', 'admin', '2024-06-03 08:00:00', '2024-06-03 08:00:00', 4, 1),
    (1, 'Xác nhận đơn hàng', 'admin', 'admin', '2024-06-04 08:00:00', '2024-06-04 08:00:00', 5, 1),
    (1, 'Xác nhận đơn hàng', 'admin', 'admin', '2024-06-05 08:00:00', '2024-06-05 08:00:00', 6, 1),
    (2, 'Xác nhận đơn hàng', 'admin', 'admin', '2024-06-06 08:00:00', '2024-06-06 08:00:00', 2, 1),
    (3, 'Xác nhận đơn hàng', 'admin', 'admin', '2024-06-07 08:00:00', '2024-06-07 08:00:00', 2, 1),
    (3, 'Xác nhận đơn hàng', 'admin', 'admin', '2024-06-08 08:00:00', '2024-06-08 08:00:00', 3, 1),
    (4, 'Xác nhận đơn hàng', 'admin', 'admin', '2024-06-09 08:00:00', '2024-06-09 08:00:00', 2, 1),
    (4, 'Xác nhận đơn hàng', 'admin', 'admin', '2024-06-10 08:00:00', '2024-06-10 08:00:00', 3, 1),
    (4, 'Xác nhận đơn hàng', 'admin', 'admin', '2024-06-11 08:00:00', '2024-06-11 08:00:00', 4, 1),
    (4, 'Xác nhận đơn hàng', 'admin', 'admin', '2024-06-12 08:00:00', '2024-06-12 08:00:00', 5, 1),
    (4, 'Xác nhận đơn hàng', 'admin', 'admin', '2024-06-13 08:00:00', '2024-06-13 08:00:00', 6, 1),
    (14, 'Xác nhận đơn hàng', 'admin', 'admin', '2024-06-14 08:00:00', '2024-06-14 08:00:00', 2, 1),
    (14, 'Xác nhận đơn hàng', 'admin', 'admin', '2024-06-15 08:00:00', '2024-06-15 08:00:00', 3, 1),
    (14, 'Xác nhận đơn hàng', 'admin', 'admin', '2024-06-16 08:00:00', '2024-06-16 08:00:00', 4, 1),
    (14, 'Xác nhận đơn hàng', 'admin', 'admin', '2024-06-17 08:00:00', '2024-06-17 08:00:00', 5, 1),
    (18, 'Xác nhận đơn hàng', 'admin', 'admin', '2024-06-18 08:00:00', '2024-06-18 08:00:00', 2, 1),
    (18, 'Xác nhận đơn hàng', 'admin', 'admin', '2024-06-19 08:00:00', '2024-06-19 08:00:00', 3, 1),
    (18, 'Xác nhận đơn hàng', 'admin', 'admin', '2024-06-20 08:00:00', '2024-06-20 08:00:00', 4, 1),
    (21, 'Xác nhận đơn hàng', 'admin', 'admin', '2024-06-21 08:00:00', '2024-06-21 08:00:00', 2, 1),
    (21, 'Xác nhận đơn hàng', 'admin', 'admin', '2024-06-22 08:00:00', '2024-06-22 08:00:00', 3, 1),
    (25, 'Xác nhận đơn hàng', 'admin', 'admin', '2024-06-23 08:00:00', '2024-06-23 08:00:00', 2, 1),
    (25, 'Xác nhận đơn hàng', 'admin', 'admin', '2024-06-24 08:00:00', '2024-06-24 08:00:00', 3, 1),
    (25, 'Xác nhận đơn hàng', 'admin', 'admin', '2024-06-25 08:00:00', '2024-06-25 08:00:00', 4, 1),
    (26, 'Xác nhận đơn hàng', 'admin', 'admin', '2024-06-26 08:00:00', '2024-06-26 08:00:00', 7, 1),
    (28, 'Xác nhận đơn hàng', 'admin', 'admin', '2024-06-27 08:00:00', '2024-06-27 08:00:00', 2, 1),
    (28, 'Xác nhận đơn hàng', 'admin', 'admin', '2024-06-28 08:00:00', '2024-06-28 08:00:00', 3, 1),
    (28, 'Xác nhận đơn hàng', 'admin', 'admin', '2024-06-29 08:00:00', '2024-06-29 08:00:00', 4, 1),
    (30, 'Xác nhận đơn hàng', 'admin', 'admin', '2024-06-30 08:00:00', '2024-06-30 08:00:00', 2, 1);


----------------------------------------------------------------------------------------------------------------------------------------



-- Hóa đơn chi tiết 60 dữ liệu ----------------------------------------------------------------------------------------------------------------------------------------

INSERT INTO [dbo].[hoa_don_chi_tiet] (
    [soLuong], [gia], [idChiTietSanPham], [idHoaDon], [trangThai]
) VALUES
    (2, 500000, 1, 1, 1),
    (1, 800000, 2, 1, 1),
    (3, 1200000, 3, 2, 1),
    (1, 1500000, 4, 2, 1),
    (2, 700000, 5, 3, 1),
    (1, 900000, 6, 3, 1),
    (1, 1100000, 7, 4, 1),
    (2, 600000, 8, 4, 1),
    (3, 1300000, 9, 5, 1),
    (1, 1000000, 10, 5, 1),
    (2, 750000, 11, 6, 1),
    (1, 950000, 12, 6, 1),
    (1, 850000, 13, 7, 1),
    (2, 620000, 14, 7, 1),
    (3, 1150000, 15, 8, 1),
    (1, 1350000, 16, 8, 1),
    (2, 680000, 17, 9, 1),
    (1, 880000, 18, 9, 1),
    (1, 1050000, 19, 10, 1),
    (2, 720000, 20, 10, 1),
    (3, 1250000, 21, 11, 1),
    (1, 980000, 22, 11, 1),
    (2, 770000, 23, 12, 1),
    (1, 920000, 24, 12, 1),
    (1, 800000, 25, 13, 1),
    (2, 640000, 26, 13, 1),
    (3, 1180000, 27, 14, 1),
    (1, 1420000, 28, 14, 1),
    (2, 690000, 29, 15, 1),
    (1, 870000, 30, 15, 1),
    (1, 1070000, 30, 16, 1),
    (2, 730000, 29, 16, 1),
    (3, 1280000, 28, 17, 1),
    (1, 990000, 27, 17, 1),
    (2, 780000, 26, 18, 1),
    (1, 930000, 25, 18, 1),
    (1, 820000, 24, 19, 1),
    (2, 660000, 23, 19, 1),
    (3, 1205000, 22, 20, 1),
    (1, 1480000, 21, 20, 1),
    (2, 710000, 20, 21, 1),
    (1, 860000, 19, 21, 1),
    (1, 1080000, 18, 22, 1),
    (2, 740000, 17, 22, 1),
    (3, 1290000, 16, 23, 1),
    (1, 1005000, 15, 23, 1),
    (2, 790000, 14, 24, 1),
    (1, 940000, 13, 24, 1),
    (1, 830000, 12, 25, 1),
    (2, 670000, 11, 25, 1),
    (3, 1220000, 10, 26, 1),
    (1, 1540000, 9, 26, 1),
    (2, 730000, 8, 27, 1),
    (1, 890000, 7, 27, 1),
    (1, 1100000, 6, 28, 1),
    (2, 760000, 5, 28, 1),
    (3, 1320000, 4, 29, 1),
    (1, 1020000, 3, 29, 1),
    (2, 800000, 2, 30, 1),
    (1, 960000, 1, 30, 1);

----------------------------------------------------------------------------------------------------------------------------------------




-- Phương thức thanh toán 2 dữ liệu ----------------------------------------------------------------------------------------------------------------------------------------

INSERT INTO [dbo].[phuong_thuc_thanh_toan] 
    ([idHoaDon], [tenThanhToan], [loaiThanhToan], [ghiChu], [ngayTao], [ngayCapNhat], [nguoiTao], [nguoiCapNhat], [trangThai]) 
VALUES
    (1, N'Tiền mặt', 1, 'Ghi chú 1', GETDATE(), GETDATE(), 1, 1, 1),
    (2, N'Tiền mặt', 1, 'Ghi chú 2', GETDATE(), GETDATE(), 1, 1, 1),
    (3, N'Tiền mặt', 1, 'Ghi chú 3', GETDATE(), GETDATE(), 1, 1, 1),
    (4, N'Tiền mặt', 1, 'Ghi chú 4', GETDATE(), GETDATE(), 1, 1, 1),
    (5, N'Tiền mặt', 1, 'Ghi chú 5', GETDATE(), GETDATE(), 1, 1, 1),
    (6, N'Tiền mặt', 1, 'Ghi chú 6', GETDATE(), GETDATE(), 1, 1, 1),
    (7, N'Tiền mặt', 1, 'Ghi chú 7', GETDATE(), GETDATE(), 1, 1, 1),
    (8, N'Tiền mặt', 1, 'Ghi chú 8', GETDATE(), GETDATE(), 1, 1, 1),
    (9, N'Tiền mặt', 1, 'Ghi chú 9', GETDATE(), GETDATE(), 1, 1, 1),
    (10, N'Tiền mặt', 1, 'Ghi chú 10', GETDATE(), GETDATE(), 1, 1, 1),
    (11, N'Tiền mặt', 1, 'Ghi chú 11', GETDATE(), GETDATE(), 1, 1, 1),
    (12, N'Tiền mặt', 1, 'Ghi chú 12', GETDATE(), GETDATE(), 1, 1, 1),
    (13, N'Tiền mặt', 1, 'Ghi chú 13', GETDATE(), GETDATE(), 1, 1, 1),
    (14, N'Tiền mặt', 1, 'Ghi chú 14', GETDATE(), GETDATE(), 1, 1, 1),
    (15, N'Tiền mặt', 1, 'Ghi chú 15', GETDATE(), GETDATE(), 1, 1, 1),
    (16, N'Tiền mặt', 1, 'Ghi chú 16', GETDATE(), GETDATE(), 1, 1, 1),
    (17, N'Tiền mặt', 1, 'Ghi chú 17', GETDATE(), GETDATE(), 1, 1, 1),
    (18, N'Tiền mặt', 1, 'Ghi chú 18', GETDATE(), GETDATE(), 1, 1, 1),
    (19, N'Tiền mặt', 1, 'Ghi chú 19', GETDATE(), GETDATE(), 1, 1, 1),
    (20, N'Tiền mặt', 1, 'Ghi chú 20', GETDATE(), GETDATE(), 1, 1, 1),
    (21, N'Tiền mặt', 1, 'Ghi chú 21', GETDATE(), GETDATE(), 1, 1, 1),
    (22, N'Tiền mặt', 1, 'Ghi chú 22', GETDATE(), GETDATE(), 1, 1, 1),
    (23, N'Tiền mặt', 1, 'Ghi chú 23', GETDATE(), GETDATE(), 1, 1, 1),
    (24, N'Tiền mặt', 1, 'Ghi chú 24', GETDATE(), GETDATE(), 1, 1, 1),
    (25, N'Tiền mặt', 1, 'Ghi chú 25', GETDATE(), GETDATE(), 1, 1, 1),
    (26, N'Tiền mặt', 1, 'Ghi chú 26', GETDATE(), GETDATE(), 1, 1, 1),
    (27, N'Tiền mặt', 1, 'Ghi chú 27', GETDATE(), GETDATE(), 1, 1, 1),
    (28, N'Tiền mặt', 1, 'Ghi chú 28', GETDATE(), GETDATE(), 1, 1, 1),
    (29, N'Tiền mặt', 1, 'Ghi chú 29', GETDATE(), GETDATE(), 1, 1, 1),
    (30, N'Tiền mặt', 1, 'Ghi chú 30', GETDATE(), GETDATE(), 1, 1, 1);

----------------------------------------------------------------------------------------------------------------------------------------





-- dữ liệu ----------------------------------------------------------------------------------------------------------------------------------------



----------------------------------------------------------------------------------------------------------------------------------------
